8-Jul-20,b'#PLNVangke @pln_123 Cuma pake 350 kwh kok dibebankan 1.562 kwh? https://t.co/O8dyN3xoQD'
8-Jul-20,b'Asal usul tagihan Listrik ajaib by @pln_123      #PLNVangke https://t.co/j4pphXFArO'
8-Jul-20,b'@pln_123 ini PLN kalo nyatat kira2 dong  jangan ngawur. Asal jeplak aja karena banyak kegiatan dirumah. Bisa diliat itu naiknya ga kira3...#PLNVangke https://t.co/QNQK0YVcX5'
8-Jul-20,b'#PLNVangke woii anjir akhir2 ini hampir setiap hari pasti mati lampu. Lo kira gue gaada kerjaan?????!!!!! Skripsi gue di ujung tanduk nih\\U0001f621\\U0001f621\\U0001f621'
8-Jul-20,"b'Dear #PLNVangke pak dengerin nih listrik mati dah 6 jam gw kebelet ee kamar mandi gelap  ahirnya w paksain tuh gelap""an jongkok dah tu perasaan posisi udah pas nih d atas lobang ternyata kondisi pantat ketinggian al hasil kemana"" dah tu bubur coklat :3 \\nAnjeng lah'"
7-Jul-20,b'Seputaran genteng ijo belakang Perbanas mati lampu lebih dari 1 jam. Ini Jakarta Woooyyy!!! #PLNVangke'
7-Jul-20,b'@pln_123 Aku g ngerti deh sama perhitungan PLN\\nPadahal bulan ini pemakaian lebih sedikit tapi kenapa bayar lebih mahal???\\n\\nKenapa sih customer jadi korban mulu!!!!!!??? \\U0001f61e\\n#PLNVangke https://t.co/35JbpXHuCZ'
7-Jul-20,b'bayar listrik naik drastis. telfon call center  lewat sosmed  aplikasi bapuk semua ga ada respon. akhirnya tetep dibayar meskipun ngap2an ditengah potongan gaji. karena kalo telat sehari aja petugasnya matiin listrik bahkan lamaan dikit aliran nya dicabut. #PLNVangke !!!'
7-Jul-20,b'RT @keset_teles: Gak ada ahlak ni bocah.\\n\\n#PLNVangke \\n#indomaret \\n#StopPolitisasiNewNormal \\n#ROSE \\n#bacotsantuy https://t.co/fcdVQK6eEJ'
6-Jul-20,b'listrik naik 2 kali lipat tapi si vangke @pln_123 bilang gak ada kenaikan tarif listrik   lo gratisin yang 450 sama 900 buat subsidi silang ? atau buat bantuin bayar utang lo yg udah bablas? #PLNVangke'
6-Jul-20,"b""Tagihan listrik per maret udh mulai naik. Maret-juni +/- naik 50rb. Petugas meteran ga dtg  ganti lapor via WA. Tiba2 juli naiknya -/+ 150rban  Blgnya slma gda petugas diambil 'rata2' pmkaian bln sblmnya. &lt;&lt;rata2 bln sblmnya  tapi jdnya Lbh mahal&gt;&gt;Trus juli naik Lagi. #PLNVangke"""
6-Jul-20,b'Hati2 Dengan POMBODOHAN dari @pln_123  Ternyata memang benar SUBSIDI untuk Rakyat dr ambil dr RAKYAT\\n\\n#IndonesiaSiapPeoplePower \\n#PLN #plnvangke #pembodohanpln https://t.co/YO3qW3hGFB'
5-Jul-20,b'@ptpln2 #pln jangan suka mati-nyalain listrik di jam segini dong! Tagihan jadi bengkak dan barang2 bisa rusak!!!! Mati lampu tuh sekalian 5 jam jgn 5 detik!!!! jangan nyusahin napah #plnvangke'
4-Jul-20,b'Pelanggan Keluhkan Tagihan Listrik  PLN Buka Hitung-hitungannya\\nhttps://t.co/23Bs1apjAf\\n#PLN #plnvangke @pln_123 https://t.co/aohrJNxC9Z'
4-Jul-20,b'Seharian listrik mati nyala ampe berkali\\xb2 dan sampe skrg pun masih!\\nKlo alat electronic gw rusak...mau gantiin emng??\\n\\n#plnvangke'
4-Jul-20,b'Yang biasanya under 100k  bulan kemaren jdi 350k oke kemaren kaga ngitung  sekarang 400k Just mesin air  rice cooker  kulkas  lampu  setrika (rarely)  isi daya ponsel  tv  kipas angin \\nMasih kaga ngitung tah? \\nBerasa tinggal dikota \\U0001f629 @pln_123\\n#plnvangke #plnsudahgila https://t.co/qloMLmiVPo'
3-Jul-20,b'Luar biasa @pln_123  bagaimama ini pak @erickthohir tagihan listrik saya meroket  bukan pendapatan saya  meroket  pemakaian listrik wajar cenderung berkurang  katanya PLN tdk ada kenaikan tarif ?? #indonesiamelawancovid19 #PLNVangke #ListrikUntukRakyat #listriktoday https://t.co/XUVd6xan61'
3-Jul-20,b'RT @ibungivan: Inilah cara #PLNVangke tutupi bejatnya #PLNVangke !!'
2-Jul-20,b'Anda dipusingkan dengan kenaikan biaya listrik akibat Work from home ? Kunjungi https://t.co/BGWs3ClEJW ! Kami hadir menyediakan solusi permasalahan Anda\\n#listrikmahal #ListrikUntukRakyat  #PLNVangke  #ListrikUntukSemua  #WorkFromHome #JokowiHarusBertindak  #PLN  #CoronaLockdown'
2-Jul-20,b'Anda dipusingkan dengan kenaikan biaya listrik akibat Work from home ? Kunjungi https://t.co/0rB4DSnXkM ! Kami hadir menyediakan solusi permasalahan Anda\\n#listrikmahal #ListrikUntukRakyat  #PLNVangke  #ListrikUntukSemua  #WorkFromHome #JokowiHarusBertindak  #PLN  #CoronaLockdown'
2-Jul-20,b'Ini namanya pemalakan  masa cuma 3 lampu doang bayarnya hampir setengah juta #plnvangke https://t.co/wWQzJe2R8v'
8-Jul-20,b'@pln_123 Astagfirullah!!! \\nTagihan sy yg biasanya 800rb/bln  juli ini naik drastis jd 1 9jt. Komplain ke @pln_123 ktnya diakumulasi 2 bulan dihitung rata. Apanya yg rata? Biasa tagihan 800 kok melonjak 2x lipat??? \\nIni rakyat lg pd susah kok malah listrik naik drastis bgini??? Pln BIADAB'
8-Jul-20,b'@jansen_jsp Klo cuma timbang di awasin ama tokoh dan ulama percuma klo gk ambil tindakan gelombang PHK masal sudah bergulir daya beli turun drastis biaya hidup naik listrik bpjs  ekonomi terjun bebas rezim di beri masukan gk di pake  opo klo gk REVOLUSI kesuwen dg bar dang ditata ulang'
8-Jul-20,b'RT @sulist_ty: @elsanmardiana @srynurmala @pln_123 @PLN_ID Tagihan Pemakain listrik sy jg naik drastis padahal rumah sering di tinggal  dan\\u2026'
7-Jul-20,b'@pln_123\\nSeumur2 pakai listrik  paling tinggi cuma sampe 300rb. Ini gmna ceritanya  bisa naik drastis gitu. Bukan 1 org doank yg bermasalah kyk gini.\\nBisa di liat history pemakaian 1 tahun kebelakang  pemakaian antara 250-300 rb. https://t.co/DKVGuyMfs4'
7-Jul-20,b'Dear @pln_123 Kenapa listrik saya naik drastis   padahal saya ga nonton drakor sperti argument kaliam tentang kenaikam listrik !! Blm tgl 20 listrik saya sdh hampir 700san   padahal biasanya 400san . Tlg dijawab !!'
7-Jul-20,b'Listrik lagi naik drastis ya ?'
7-Jul-20,b'@82rklee Kalo aku yg naik drastis gini tagihan listrik \\U0001f614'
6-Jul-20,b'sementara tagihan listrik naik drastis  kebutuhan lain masih banyak yang perlu ditanggung dan dipenuhi.\\n\\nPlus  jangan tutup mata bahwa jalur paralel bagi banyak mahasiswa adalah opsi terakhir (dan mungkin terburuk buat diterima di kampus impian (...)\\n\\n#UIBergerak #DiamBukanSolusi'
6-Jul-20,b'Kemarin sepertinya ngga kebagian tarif listrik yang naik drastis. Sekarang  kebagiannya tarif PDAM yang astaghfirullah \\U0001f62d\\U0001f62d'
6-Jul-20,b'Listrik PLN naik drastis  ini ditambah gas PGN juga naiknya gak masuk diakal! Sebenernya ada apa sih sama perusahaan plat merah itu?! \\U0001f624\\U0001f624\\U0001f624'
5-Jul-20,b'@pln_123 min  ini tarif per kwh naik drastis apa gimana? pemakaian 233 kWH perbulan  R1M 900VA masa sampe Rp 521.938 tagihannya? Dengan asumsi tarif Rp 1.552/kWH aja harusnya tagihan listrik tanpa abodemen hanya Rp 346.096. bagaimana penjelasannya min?'
3-Jul-20,b'@podoradong Betul sudah dua bulan ini tagihan listrik saya naik drastis padahal pemakaian listrik sudah saya hemat\\U0001f915'
3-Jul-20,b'PLN ini tarif tagihan listrik sy pasca bayar kenapa tiba2 jadi 2x lipat bulan ini? Ngga masuk akal sampe naik drastis gini @pln_123 @infoPLN https://t.co/6cecmK3c4M'
3-Jul-20,b'melihat akun resmi pln isinya hampir komplen semua karena listrik naik drastis. mau ikut komplen jadi bingung. akhirnya yasudah mengurungkan niat saja\\U0001f602'
3-Jul-20,b'lit kwh pemakaian listrik turun kok bisa rupiahnya naik drastis HAHAHAHA siapa yg tau? gaada yg tau. rakyat ga bego men. bales dm gue @pln_123 https://t.co/y60Wx3tT2S'
2-Jul-20,b'@pln_123 Min tolong di respon DM Saya  terkait tagihan listrik bulan Juli yang Naik drastis padahal pemakaian wajar Karena sudah tidak wfh \\U0001f625'
2-Jul-20,b'@elsanmardiana @srynurmala @pln_123 @PLN_ID Tagihan Pemakain listrik sy jg naik drastis padahal rumah sering di tinggal  dan jg dirumah gk pake mesin air karena pake PDAM  tp kayaknya meteran larinya kayak kuda https://t.co/cOxRxDV29c'
2-Jul-20,b'@wulanvivieta eh iya kak sama mamahku sampe marah marah kadang tbtb naik drastis bgt pdhl udah dipancing ngurangin pemakaian listrik nya eh malah tambah naik aneh ga si?'
2-Jul-20,b'@pln_123 Maaf mau tanya  Tarif listrik saya naik lagi hampir 30%  biasanya bayar 330-350 ribu  bulan kemaren jadi 376 ribu. Masa bulan ini (juli) tagihan saya jadi 426 ribu. Ini gimana yah  aneh banget naeknya drastis mulu.Ini no id meternya ka 538312534061 https://t.co/HkmUJmTsdh'
2-Jul-20,b'@pln_123 saya mau lapor pada tanggal 1 juli 2020 saya membayar tanggihan listrik dan tagihan sebesar 900rb hampir 1jt  pdahal saya biasanya bayar 500 rb lebih sdikit  dan malah penggunaan listrik justru berkurang  ini gimana ya  kalaupun listrik naik masa drastis gitu   '
2-Jul-20,b'Halo @pln_123 kenapa tagihan listrik saya tiba2 naik drastis ya?'
2-Jul-20,b'kok bisa ya listrik naik drastis padahal pemakaian sama aja https://t.co/cm2JaY8ZMs'
4-Jul-20,b'@pln_123 Please @pln_123 DM dicek. Tagihan naik 100%.  Kenaikan kwh  2x lipat padahal pemakaian listrik seperti biasa  sama seperti bulan sebelumnya. Klo pun ada kenaikan  seharusnya tidak mencapai 100%.  Ini sudah tidak wajar. Mohon responnya.'
1-Jul-20,b'WARGA NGROWO DATANGI PLN KELUHKAN TAGIHAN LISTRIK NAIK TAK WAJAR HAMPIR ... https://t.co/vg4dZzpJ5Y via @YouTube'
8-Jul-20,b'@RadenKianSayang @Lusiana99411139 @Dennysiregar7 Kumpulan cebidu emang lucu..  Nyinyirin sesuatu yg tak terkait sama hidupnya..  Ketika BBM mahal   BPJS naik   PLN mencekik dll  dia hanya diam membisu kek kodok keselek biji kedondong...'
8-Jul-20,"b'@ainanrmh @pln_123 Alasannya selalu sama  \\n\\n""mohon maaf kakak  petugas kami tidak bisa melakukan cek karena adanya coviid-19 ini. Dan karena WFH pasti penggunaan listrik jadi naik""'"
8-Jul-20,b'Tagihan listrik bulan Juli2020  bener2 komputer PLN salah hitung  atau....??? Gimana nih @pln_123  apakah TDL naik?? https://t.co/CGFnkD4ZOY'
8-Jul-20,b'@pln_123 Habis itu yg ga bersubsidi naik terosssss \\U0001f643 itumah bukan bantuan pemerintah tapi bantuan rakyat yg ga bersubsidi. Ga adil sumpah.'
8-Jul-20,b'@pln_123 min mau nanya serius nih  ini hitungan PLN gimana sih? Masa listrik 3 bulan terakhir naik terus padahal pemakaian sama aja  dan bulan ini naiknya sampai 30% dari nominal biasanya bayar tiap bulan?'
8-Jul-20,b'@pln_123 min cek dm ya untuk alamat nya. Karena listrik naik turun terus di rumah \\U0001f44c'
8-Jul-20,b'@Stevaniehuangg Hadeh pink....!!!! Kan mrk hidup hny untuk halu... Dg halu mrk senang klau di realita mrk jerittttt PLN naik'
8-Jul-20,b'@retnorss53 pusing di prank PLN dah 3 bulan naik mulu'
8-Jul-20,b'Kemungkinan bulan depan gabisa bayar klo naik terus @pln_123 bingung\\U0001f643 https://t.co/hkDI61BpL9'
8-Jul-20,b'@pln_123 kenapa pln selalu membingungkan pelanggan dlm perkiraan tarif listrik. Dengan pemakaian yg sama tanpa ac dan mesin cuci bisa naik signifikan 40 %. Padahal meteran tdk pernah dilihat. Adilkah buat pelanggan?kenapa  tdk profesional dan hanya main tembak.'
8-Jul-20,b'Kok tagihan listrik rumah saya sudah 2 bulan ini naik terus ya .. tdk seperti biasanya @pln_123 ga wajar ini ..'
8-Jul-20,"b'@adeliani01 @RRIPro2Cirebon @Radar__Cirebon Sama mbaa \\U0001f644 tagihan PGN w bulan ini jg tiba"" naik 3x lipat \\U0001f614 apa ini kasusny sama kaya PLN yaaa \\U0001f611'"
8-Jul-20,b'@pln_123 @lawlietadam Lama lama PLN ngga jelas hitung konsumsi listrik alias sakit. Dengan pemakaian yg sama tanpa ada ac dan mesin cuci  bisa naik secara signifikan. Tdk pernah datang lihat meteran asal tembak  akhirnya naik sekitar 40 %. Mohon tanggapan dari pln. https://t.co/bCvTAtLRsH'
8-Jul-20,b'#MAJENE\\nTerjadi gangguan akibat hewan ular yang naik ke Gardu milik PLN di daerah Lutang  Gardu padam : 33 unit\\nDaerah terdampak :\\n- Kel. Tande\\n- Kp. Katitting\\n- Kp. Salabulo\\n- Kp. Barane\\n- Kp. Baurung\\n- Kp. Lembang\\n- Kp. Pappota\\n- Kp. Tunda\\nEstimasi normal kembali 22.00 WITA. https://t.co/z5wErThEcR'
8-Jul-20,b'RT @goaweygo: tidak hanya pln yg tagihannya ajaib  pdam jg sama. tagihan naik sampe 300%? uda gilaaaa. tetanggaku pada mogok bayar karena g\\u2026'
8-Jul-20,b'@teguh_usis @pln_123 Sama lahh.. aku juga begitu. Penjelasan dari @pln_123 nya  kenaikan itu akan diangsur salam 3 bulan  makanya 3 bulan bakal naik terus. Tapi kenapa bisa naim se-drastis itu  padahal pemakaian sama  malah udah dikurangi karna naik mulu.'
8-Jul-20,b'@pln_123 ternyata yang naik bukan pemakaian tapi bayarnya ya. Buktinya KWH turun Rupiahnya tetep aja.. https://t.co/FT81CJ67oL'
8-Jul-20,b'@pln_123 om mau nanya nih. Liatrik rumah gw bisa naik 100% gimana ceritanya??? Komplain kemana ini om'
8-Jul-20,b'Iseng iseng cek tagihan listrik yang katanya naik. Eh dapet tagihan segini  dikira rumah gua pabrik ape bayar listrik ampe segini wkwkwkwkw bener bener bobrok \\U0001f923\\U0001f923\\U0001f923\\U0001f923 @pln_123 gimane nih bosku? https://t.co/AcQzYpYKvT'
8-Jul-20,b'RT @anantasakit: Akhirnya dapat jackpot @pln_123 tagihan naik 500 ribuan . Padahal selisih kwh cuman 68 . Pie iki #DirutPLN https://t.co/9H\\u2026'
8-Jul-20,b'Tagihan listrik naik nya meroket \\U0001f612 colek @pln_123'
8-Jul-20,b'PLN baik banget.\\n\\nUdah tagihan naik  pake mati lampu melulu.'
8-Jul-20,b'@pln_123 cek dm min. Sy ada komplain. Penggunaan listrik turun  tp kok byrnya semakin naik aja'
8-Jul-20,b'@pln_123 @oktanonymous28 Sabar mba  aku juga naik tinggi jadi 921 ribu  he he'
8-Jul-20,"b""@selikameilati Bukan cuma pln berarti yg tiba-tiba naik :')"""
8-Jul-20,b'Weh depok 2 mati lampu udah sejam! Tagihan naik terus  mati lampu juga jalan terus yang bener aja @pln_123'
8-Jul-20,b'@pln_123 bisa ga sih klo mati listrik tu pas tengah malem aja? Ini jam2 kerja. Mana tagihan naik. Coba tolong dicek area cibibong  cikaret  pemda dan sekitarnya.'
8-Jul-20,b'@pln_123 ini knp lama-lama tambah naik y sejak bulan juni? Gak ada AC  pompa  nyuci pun laundry di luar. Ini saya lampirkan invoice pembayaran dr bulan februari 2020 sampe tagihan bulan juli 2020 #tagihanlistrik https://t.co/p50rpKeB3w'
8-Jul-20,b'@pln_123 bilang nya .. krn gak datang krn covid dan ada kenaikan .sementara (Jan-mei masih normal tagihan). Juni juli ini ngaco . Gak bs dong. Beban yg udah jelas tagihan nya dibayarkan sesuai. bulan2 lalu (jan-mei).tiba2 naik. Salah hitung gituuu?? Kan bukan salah pelanggan!'
8-Jul-20,b'@pln_123 gak bs gitu dong. Asal jebret aja naikin nya..! Trs krn gak dateng.. petugas catet berdasarkan pemkaian selama ini.. yg artinya normal dan kita bayar sesuai tagihan(berati ya DEAL segitu) .tiba2 juni naik dan juli 2xlipat nya weyy gmn cerita?'
8-Jul-20,b'Bener selama WFH  pemakaian listrik bertambah. Tp masak iya tagihan bulan Juni naik sampai 77%? \\n\\nSebenarnya gak mau ngeluh. Tp kalau sdh 3 bulan ini tagihan listrik naik terus  engap juga. \\n\\nGimana nih  @pln_123? Apa masih main tebak2 buah manggis jg ngitung pemakaian listrik?'
8-Jul-20,b'@pln_123 Pelanggan kan bayar sesuai yg ditagih. Berati DEAL DONG?! Baru skrg di naik 2x lipat wey?! Bulan kemarin naik 20-30% . Skrg 2x lipat nya. Alesa nya beban selama covid krn petugas ga dateng buat catat kwh. Alesan \\U0001f60f\\U0001f60f\\U0001f60f\\U0001f60f'
8-Jul-20,b'@pln_123 halo admin. Duh btw gimana sih ini.. ??!! masa naik tagihan .. pemakaian normal kok. Kalo beban kemarin di mauskin ke tagihan skrg itu gmn sih? Sengaja ya? Kan bukan kesalahan pelanggan dong???!!! Dari petugasnya dong knp gak dateng catat kwh 4-5 bulan kemarin!!'
8-Jul-20,b'@Uni_Pipy @pln_123 @erickthohir @KemenBUMN @pemkotdepok @IdrisAShomad Makanya nanti kalau udah ada busway bus listrik jgn naik. Kalau PLN padam kan busnya mogok di jalan \\U0001f601'
8-Jul-20,b'Sudah berbuat apa kamu untuk negara ?\\nAku : Listrik ku naik 3 x lipat selama 3 bulan terakhir ini  padahal penggunaan sama  dan sudah tak bayar semua \\u263a\\ufe0f\\nFrom : Rakyat yang kalo komplain malah di salahkan \\U0001f923\\n@pln_123 @infoPLN https://t.co/AeJWSZdx7a'
8-Jul-20,b'RT @evsafitrik: Asking mau tanya.. mau sampai kapan pln naik 100% terus ???\\nPemakaian listrik 2 kulkas 2 tv 2 ac itu pun acnya ngga 24jam..\\u2026'
8-Jul-20,b'@pln_123  Tarif Listrik Naik berapa% ? saya di 2200   Biasa bulanan 1.2 - 1.3 itu pun sakelar turun terus. Kok tiba2 saya dapat Surat Koreksi tarif 1.5 ? lihat perincian kwh Bagai mana?'
8-Jul-20,b'Asking mau tanya.. mau sampai kapan pln naik 100% terus ???\\nPemakaian listrik 2 kulkas 2 tv 2 ac itu pun acnya ngga 24jam... januari februari biasa 400-500 skrang gilaa. ... parah.. perampokan ini namanya !\\n\\n#2024ErickRI1 https://t.co/vUyoDwfNfh'
8-Jul-20,b'@pln_123 tagihan listrik dirumah saya mengalami kenaikan yang gak wajar dari bulan lalu  bulan ini malah makin naik ini gimana ya?'
8-Jul-20,b'@Elina_Vay Bayar tagihan listrik yg  dr bulan kemaren naik gak ngotak. \\nBlm jg tgl 20 udah dikasih surat cinta sama @pln_123 yg katanya bakalan dicabut klo lewat tgl. \\nIya dibayar kok \\U0001f620'
8-Jul-20,b'@Kaltim123 @_pln_id dari bayi saya tinggal disitu pake sumur bor nga pernah bayar sampe 900rb..setelah dicabut sumur bor..malah tagihan listrik naik...luar biasa'
8-Jul-20,b'@pln_123 kenapa tagihan listrik kos saya malah makin naik? Padahal pemakaian lbh rendah dr bln sebelumnya. Kosan kosong  lampu kamar dan pralatan elektronik di kamar masing2 di cabut. Paling yg hidup hanya lampu penerang di teras. https://t.co/j2gHgqMzXb'
8-Jul-20,b'@pln_123 \\nNaik jadi 2x lipat  sembako sumbangan si iyah dapet.\\nTp kalo di hitungin 2x lipatnya gak sesuai sama kaya di dapetin sembako.\\n@jokowi \\nPie ini ika. Aku yo baru di PHK karna si Corona. https://t.co/5X9e4Ce22L'
8-Jul-20,b'Min @pln_123 apa tarif PLN bulan Juli ini naik? https://t.co/AQ6pJUFatj'
8-Jul-20,b'RT @_OrchidFlow: Apakah biaya listrik dinaikkan? Bulan ini kok tagihannya naik banyak bgt. Biasanya cuma 180rb-200rb ini kok tiba2 312rb.\\n@\\u2026'
8-Jul-20,b'Ga naek  cuma nambah aja bayarnya ya @pln_123 . Please deh yg nge tweet naik sdh ribuan pelanggan kali kalo naik tagihannya wkwkwkwk https://t.co/3431WxykzS'
8-Jul-20,"b'RT @anantasakit: Akhirnya dapat jackpot @pln_123 tagihan naik 500 ribuan . Padahal selisih kwh cuman 68 . Pie iki CS di tlp  ""maaf anda tid\\u2026'"
8-Jul-20,b'@pln_123 kok bulan ini naik lagi  bulan lalu sudah naik skarang naik lagi  pdhal sdh difoto lapor meteran ke WA pln  dan pemakaian juga sama seperti tahun lalu  mohon respon.'
8-Jul-20,b'@pln_123 mohon petunjuknya. Tagihan saat ini naik hampir 300%  padahal dari Maret-Juni kenaikan tidak signifikan. Lalu  komplain ke kantor malah kami disodorkan surat pengakuan hutang yang mewajibkan membayar sisa tagihan dengan dicicil. Ini ngerampok secara haluskah?'
8-Jul-20,b'@pln_123 mohon penjelasannya kenapa tagihan listrik bulan juni naik 200% lebih dari biasanya ?'
8-Jul-20,b'@pln_123 aneh aja sih ya sama pln ini  tarif nya jadi naik gila gilaan. Tapi kerjaanya mati matiin listrik seenak jidat saja. Tanpa ada info yang jelas.. \\nKalau di infoin kan setidaknya bisa prepare segala macam..'
8-Jul-20,b'@pln_123 min buat minta keringanan bayar listrik gimana sih? Ini nenek ku bilang kok tiba2 tagihan listriknya naik\\nPadahal pemakaian wajar\\nKalo lagi ga perlu juga dimatiin\\nKalo pas malem juga dimatiin lampu kamarnya\\nNenekku gak kerja min\\nTadinya jualan gorengan'
8-Jul-20,b'mau nangis tagihan pln naik berkali kali lipat padahal pemakaian normal.....ini bayar pake apa......'
8-Jul-20,"b'Akhirnya dapat jackpot @pln_123 tagihan naik 500 ribuan . Padahal selisih kwh cuman 68 . Pie iki CS di tlp  ""maaf anda tidak menekan angka yang diminta"" mencetnya udah ngelebihi mencet jerawat https://t.co/rnaX2QpSoX'"
8-Jul-20,b'@pln_123 @omolmol Akhirnya dapat jackpot @pln_123 tagihan naik 500 ribuan . Padahal selisih kwh cuman 68 . Pie iki'
8-Jul-20,b'@pln_123 Min  tagihan koq naik2 terus ya... dr Mei ke Juni naik 100rb an  dr Juni ke Juli malah naik 200rb an. Mohon penjelasannya.'
8-Jul-20,b'@pln_123 kenaikan tagihan lama lama gak wajar ini  uda dikurangin semua pemakaian dirumah tagihan malah naik paraah'
8-Jul-20,b'Dear @pln_123 \\nCoba dijelaskan knp bisa naik  bulan juni stand meter 14115-14583 bayar 338.350 sedangkan bulan juli 14583-14792 tapi tagihan 399.501\\nMohon dijelaskan knp naik??'
8-Jul-20,b'@pln_123 kok bulan ini naik lagi  bulan lalu sudah naik skarang naik lagi  pdhal sdh difoto lapor meteran ke WA pln  dan pemakaian juga sama seperti tahun lalu  mohon respon'
8-Jul-20,b'@pln_123 min  tagihan listrik saya perbulan juli naik 100% dr bulan sebelumnya  yang mana pemakaian sama saja  bahkan nominal tagihan sudah pd bulan juli sudah keluar dari tanggal 04 juli yang mana baru diawal bulan  pemakaian blm dapat diperhitungkan. saya tunggu feedbacknya'
8-Jul-20,b'RT @oktanonymous28: Apa maksudnya ini @pln_123 tagihan listrik saya naik 3 kali lipat dari bulan sebelumnya. NGGAK TERIMA!! Tolong penjelas\\u2026'
8-Jul-20,b'@pln_123 min  kenapa tagihan masih naik ya  padahal udah lapor meteran mandiri. Thankyou'
8-Jul-20,b'@Kaltim123 @_pln_id pemakaian normal...5 bln terakhir bayar 600rb..bulan ini tagihan 919rb...apa TDL naik atau menjelang idul adha??? sapi skrg memang mahal sihh'
8-Jul-20,b'RT @m_mirah: Sebelumnya Pada tagihan listrik di bulan mei yang naik 100% kami sudah protes ke @pln_123 &amp; di sampaikan oleh petugas saat itu\\u2026'
8-Jul-20,b'RT @m_mirah: Tagihan listrik bulan mei 2020 naik 100%  saya berpikir positif mungkin nanti di bulan juni tagihan nya akan turun  tapi kenya\\u2026'
8-Jul-20,b'RT @GultomRopas: dr pemakaian rata2 masih naik 3 kali lipat untuk bulan ini \\nkemaren bulan mei naiknya 5 kali lipat lebih\\nbegimana ini  say\\u2026'
8-Jul-20,b'RT @274234bfaa39472: Tagihan listrik rumah tangga naik 3 x lipat kondisi pemakaian biasa..pln bantu jelaskan dong'
8-Jul-20,b'@pln_123 tolong infokan ketidakadilan dan ketidaklogisan penjelasan yang ada di media dan internet! saya mohon jelaskan kenapa bisa tagihan listrik kami naik 3x lipat dengan jujur!'
8-Jul-20,b'@pln_123 Mohon maap nih sebelumnya. Sy betul2 heran kenapa tagihan listrik saya naik 3x lipat padahal pemakaian listrik di rumah biasa saja karena saya memang ga kerja dan usaha di rumah!!! saya orang kecil  kalau di masa pandemi gini justru diperas oleh BUMN  gmn sy bs bangkit?'
8-Jul-20,b'RT @echafarahdiba: Hallo @pln_123 ini pemakaian kwh saya bulan ini turun tapi kenapa tagihannya malah naik ya? https://t.co/1VGCCskMiz'
8-Jul-20,b'@bagusptyo @pln_123 Lo inget gak sih guz  waktu lo ngomel2 tagihan listrik lo naik? Tp gue  saat itu  tagihan listriknya turun. Skrg tagihan listrik gue naik  dan lo turun  like.....wtf?'
8-Jul-20,b'@pln_jogja Mas bro  selama pandemi ini knp biaya justru naik terus ya?Listrik dirumah daya 900.Sebulan kemarin kami dirumah coba mengurangi penggunaan listrik total . Bener\\xb2 kami tekan sekeluarga untuk mengurangi penggunaan listrik. Tagihan kluar hari ini   Boom! Masih naik dr bulan sblmnya'
8-Jul-20,b'Tagihan listrik rumah tangga naik 3 x lipat kondisi pemakaian biasa..pln bantu jelaskan dong'
8-Jul-20,b'RT @TanYoana: BPJS Naik  Listrik Naik  Beras Naik  Garam Naik  PAM Naik  Yang Turun Cuma Air Hujan \\U0001f926\\nSetelah Usai Di Cekik BPJS  Kini Di Se\\u2026'
8-Jul-20,b'tidak hanya pln yg tagihannya ajaib  pdam jg sama. tagihan naik sampe 300%? uda gilaaaa. tetanggaku pada mogok bayar karena gk masuk akal.'
8-Jul-20,b'RT @HukumDan: Sadis bener. Sudah iuran BPJS naik. Listrik naik. Lapangan kerja susah. PHK makin marak. Insentif petugas medis belum semua d\\u2026'
8-Jul-20,b'@1Nusantara_ @Ndon_isBack Dia org kaya  harta bnyak.\\n\\nKasihan itu rakyat yg terbebani Listrik mahal  Bpjs naik  corona hancurkan penghasilan ekonomi  lulusan skolah yg ga dpt kerja krna kurangnya lap.pekerjaan'
7-Jul-20,b'Sadis bener. Sudah iuran BPJS naik. Listrik naik. Lapangan kerja susah. PHK makin marak. Insentif petugas medis belum semua di bayar. Kartu prakerja gagal di tambah lagi rapid test jadi lahan bisnis. Anehnya TKA China jadi anak emas\\nhttps://t.co/tFdmDObhRd'
7-Jul-20,b'@pln_123 Listrik saya koq tagihannya menjadi naik 100% ya sedangkan pemakaian hanya ditambah beberapa lampu  perhitungannya seperti apa sih jaman lagi Corona begini malah beban naik  Mohon pencerahan dari pihak PLN \\U0001f64f\\U0001f64f'
6-Jul-20,b'@Fazaprint1 @ustadtengkuzul Kbenaran emg mnyakktkan ya bong..BPJS naik  listrik naik  semua dipajakin  corona dibecandain  pulsa dipajak..smpe yg bnar aja dibilang hoax\\U0001f602'
5-Jul-20,b'RT @watespahpoh: Sejak corona ini tagihan listrik naik hampir separoh  padahal pola pemakaian ga nambah signifikan'
5-Jul-20,b'Sejak corona ini tagihan listrik naik hampir separoh  padahal pola pemakaian ga nambah signifikan'
3-Jul-20,"b'@tiawarman @pln_123 @e100ss Petugas PLN: ""gak naik.. cuman pemakaian listrik lebih banyak karena ada corona jadi sering dirumah mengunakan peralatan elektronik""\\nSaya: lebih banyak matamu!!! ada corona ato gak saya selalu dirumah wong udah 5 tahun kerja dirumah!!!'"
3-Jul-20,b'Gula naik(*info istri)\\nListrik naek*\\nTelor naek*\\nAyam naek*\\npremium/pertalite?\\npajak sepeda\\nPemilu diundur\\nBPJS naik\\nOmnibus Law\\nPajak ecommerce\\nNazarudin Bebas!\\nBts Umur Sekolah (anak prestasi?)\\nCorona naek\\nSurprise!!!\\n| Surprise Pak Jokowi Tahun Depan | https://t.co/bCQ2RCRwnD'
1-Jul-20,b'Penegasan ini diberikan untuk menjawab berbagai pertanyaan yang muncul setelah tagihan listrik sebagian pelanggan PLN naik dibandingkan sebelum pandemi corona. #pln #esdm https://t.co/EkSHvUsJ7A'
1-Jul-20,b'@PanjulSomplak @dr_koko28 Bagi yg mampu sih masih bisa ketawa\\nIni bagi masyrakat bawahh\\nSudah pusing buat sehari hari\\nListrik naik bpjs naik pendapatan berkurang isu corona kapan selasainya blm\\nDi tambah dengan sistem aturan pendidikan terus banyak aturan hanya ingin anaknya bisa baca tulis jd repot'
1-Jul-20,b'BPJS naik\\nBBM naik\\nListrik naik\\nSembako naik\\nKehadiran TKA naik\\nUtang naik \\nKasus virus Corona naik\\nKorupsi naik\\nYg turun apa?\\nHarga dirimu ? https://t.co/VTQE9AWeKa'
8-Jul-20,b'Selain tarif listrik  kenaikan permintaan dan tarif angkutan juga bakal berkontribusi pada inflasi bulan ini.'
8-Jul-20,b'@Raymondale Malam Kak Raymon \\n\\nSebagai Informasi sejak tahun 2017 tarif tenaga listrik (TTL) tidak mengalami kenaikan ya Kak.\\n\\nTks -Wisnu'
8-Jul-20,b'RT @podoradong: Untuk sobat podoradong  masih adakah yang merasakan kenaikan acak tarif listrik PLN bulan juli ini?'
8-Jul-20,b'@Bekan_Kutoanyar Halo Kak Subkhan \\n\\nSebagai informasi  sejak tahun 2017 hingga saat ini tarif tenaga listrik tdk ada kenaikan ya.\\n\\nDan terkait lonjakan yang dialami  agar dpt mimin lakukan pengecekan data  mohon informasi ID Pelangganya via DM.\\n\\nTks -Wisnu'
8-Jul-20,b'@RegilangSutan Selamat sore Kak Regilang. \\nSebagai informasi sejak tahun 2017 Tarif Tenaga Listrik tidak mengalami kenaikan. \\nApabila mengalami lonjakan tagihan rekening  mohon maaf. Agar kami dapat melakukan pengecekan data mohon informasi nomor ID Pelanggannya melalui DM ya Kak. \\n\\nTks. -Tari'
8-Jul-20,b'@rudisai Hai Kak Muhammad Fahruddin  admin informasikan sejak tahun 2017 tarif tenaga listrik (TTL) tidak mengalami kenaikan. \\n\\nAgar laporan tsb dapat mimin lakukan pengecekan mohon dibantu id pelanggan via DM ya. Tks -Sahar'
8-Jul-20,b'@lali_djiwo Selamat siang Kak.\\nSebagai informasi sejak tahun 2017 Tarif Tenaga Listrik tidak mengalami kenaikan. \\n\\nTks. -Tari'
8-Jul-20,b'@wijayademmy @_pln_id Selamat siang Ibu. Dapat kami sampaikan bahwa tarif dasar listrik tidak mengalami kenaikan. Tarif listrik masih tetap sejak tahun 2017. Demikian'
8-Jul-20,b'Cukuplah perasaan ini yang tak terbalas. Dm ku jangan @pln_123 \\n\\nMau tanya  cara cek tagihan listrik gimana ya? Sebulan terakhir ini apa emang ada kenaikan tarif?'
8-Jul-20,b'@_OrchidFlow Sebagai Informasi  sejak tahun 2017 tarif tenaga listrik (TTL) tidak mengalami kenaikan.\\n\\nTerkait keluhannya Admin mohon maaf ya Kak  agar dapat dilakukan pengecekan. Mohon informasi ID Pelanggan via DM.\\n\\nTrims. -Dewi'
8-Jul-20,b'@PRFMnews @pln_bandung mohon info bapak2/ibu di PLN apakah Tarif listrik ada kenaikan ?? Kok diem2 ya naeknya rakyat gak gak tau ..\\U0001f937\\u200d\\u2642\\ufe0f\\U0001f926\\u200d\\u2642\\ufe0f bln juni pemakaian 289 kwh bayarnya RP.378rb utk bulan juli pemakaian 242kwh tagihanya Rp.404 rb...transparan dong ..\\U0001f624'
8-Jul-20,b'@ekasuhaya Kak Eka sebagai Informasi sejak tahun 2017 tarif tenaga listrik (TTL) tidak mengalami kenaikan.\\n\\nAdmin mohon maaf ya  padam tgl 07/07/2020 di wilayah tsb karena terjadi gangguan pada jaringan menengah. Saat ini sudah normal kembali.\\n\\nThanks. -Dewi'
8-Jul-20,b'@pandika914 Sebagai Informasi sejak tahun 2017 tarif tenaga listrik (TTL) tidak mengalami kenaikan  agar dapat dilakukan pengecekan. Dapat dibantu ID Pelanggannya melalui DM.\\n\\nTks. -Dewi'
7-Jul-20,"b'Namun  angka itu relatif lebih rendah jika dibandingkan inflasi Juni 2016 yang mencapai 0 66 persen ""Inflasi 0 5 persen itu lebih terjadi karena dampak kenaikan harga tarif listrik dan juga angkutan.'"
7-Jul-20,b'eh ini kenaikan tagihan listrik by PLN yg ngakunya bukan subsidi silang dan naik tarif mau di diemin aja? bikin demo atuh urg siap miluan.. tp mbung ngamimitian  rumasa kurang pinter.'
7-Jul-20,b'@AchsanulQosasi Eufimisme dalam kehidupan sehari hari : \\n- pencopet diamankan di kantor polisi  bukan ditangkap\\n- tarif dasar listrik mengalami penyesuaian  bukan kenaikan \\U0001f601'
7-Jul-20,b'@pln_123 min  saya mau tanya  tagihan listrik bulan ini naik 2x lipat  knp ya? Apa ada kenaikan tarif listrik? Padahal pemakaian listrik sama seperti sebelumnya. Dan dari awal taun  sampe skg ga ad'
6-Jul-20,b'@fathoniz Malam Kak Fathoniz \\n\\nSebagai Informasi sejak tahun 2017 tarif tenaga listrik (TTL) tidak mengalami kenaikan ya.\\n\\nDan terkait lonjakan rekeningnya tsb  mohon dapat diinformasikan ID Pelanggannya via DM agar dapat admin lakukan pengecekan data ya Kak.\\n\\nThanks -Wisnu'
6-Jul-20,b'@BangJovi9 Pahit an kenaikan tarif BPJS dan tarif listrik...bnr2 pahit'
6-Jul-20,b'Malem min @pln_123. Mau tanya  cara cek tagihan listrik gimana ya? Sebulan terakhir ini apa emang ada kenaikan tarif?'
6-Jul-20,b'RT @_pln_id: Semoga bisa dipahami ya Electrizen. Perlu ditekankan  tidak ada kenaikan tarif listrik sejak 2017 \\U0001f64f\\n\\n#listrikuntukrakyat\\n#list\\u2026'
8-Jul-20,b'RT @terasid: Tagihan listrik yang melonjak selama pandemi Covid-19 dikeluhkan ribuan warga Sukabumi. Bagaimana PLN Sukabumi mencari jalan k\\u2026'
8-Jul-20,b'Akhirnya ya merasakan sendiri tiba tiba tagihan listrik melonjak tajam  1 bulan 560 rb. Bdhl cuma dayanya cuma 900. Gak punya mesin cuci  gg pernah nyalain tv lo bdhl @pln_123 mantep https://t.co/7KzflzB8XM'
8-Jul-20,b'Sembako murah? \\U0001f914\\nListrik murah sekali sampai kmrn viral tagihan listrik yg melonjak.\\nBBM murah? Seharusnya turun tp gkpp lah  setidaknya gk naik.\\nImpor pangan? Kudet beritanya  mungkin blm ada skrg.'
8-Jul-20,b'Ini tagihan listrik gua knp melonjak amat naik nya'
8-Jul-20,b'RT @terasid: PLt Gubernur Kepri minta PLN untuk menurunkan petugas pencatat meteran dari rumah ke rumah.\\xa0\\u201cSaya tidak mau lagi PLN pakai dat\\u2026'
8-Jul-20,b'@pln_123 Complain tagihan listrik melonjak nih   bantu dm y'
7-Jul-20,b'RT @KontanNews: Tagihan listrik pelanggan PLN pada Juli melonjak lagi  kok bisa? https://t.co/izxn0ZtEOo #PLN'
7-Jul-20,b'setiap minta rincian kenapa tagihan listrik melonjak tinggi. selalu aja jawabanya  @pln_123 berbelit belit. saya hanya minta rincian saja. kenapa bisa melonjak. orang PLN hubungi saya di tlp hanya berbelit belit. saya minta rincian !!'
7-Jul-20,b'Tagihan listrik melonjak...ehh listrik nya mati 1 harian..kan luar biasa  alasannya selalu pemeliharaan  gimana ni @pln_123  @plnsumut_ @PLNMedan1 @OPI_PLNSumut'
7-Jul-20,b'Mohon di cek pak tagihan listrik sy ko melonjak tajam pak. Biasanya sy 500rb perbulan pembayaranya dan normal seperti biasa pemakainnya. Baru skrg ko sampai 987.324ribu. \\U0001f631 wow.. mohon di bantu pak. @pln_123 . https://t.co/Gl58bQcP4w'
7-Jul-20,b'Tagihan Listrik Bulan Juli 2020 Masih Melonjak? Simak Cara Dapat Invoice PLN  Cek Total Pemakaian https://t.co/s8uCXWilY7 https://t.co/9Y2vkAYPde'
6-Jul-20,b'@pln_123 Tolong dicek ini  kenapa tiba2 tagihan listrik saya melonjak begini. Masa naik hampir 2x lipat?? https://t.co/FLox8Ws2di'
6-Jul-20,"b'RT @terasid: Beberapa warga Kota Padang menjerit ""tersengat"" tagihan listrik yang melonjak tak karuan. Bagaimana dengan rekening listrik An\\u2026'"
6-Jul-20,b'@pln_123 halo kenapa ya tagihan listrik saya melonjak... Bulan lalu pemakaian banyak tagihan tinggi i got it... Tapi bulan Juni ini sy kurangi hampir 50% pemakaian... Eehhh tagihan lebih gede dari bulan sebelumnya.. kan anehhhh ya ?! Tolong DM saya ... Rincian nya seperti apa'
6-Jul-20,b'RT @QiraniAyara: Jgn hanya sekedar menghapus premium n pertalite  tpi pikirkan jg kondisi rakyat skrng..PHK dimana2  BPJS naik  tagihan lis\\u2026'
6-Jul-20,b'@shntptr Now I know why.... sempat shock sekaliiiiiiiii kemaren liat tagihan listrik apart melonjak drastis  padahal aku lebih hemat pemakaiannya\\U0001f633'
6-Jul-20,b'RT @KompasTV: PLN Pastikan Tagihan Listrik Melonjak Bukan karena Kenaikan Tarif  Ini Hitung-hitungannya https://t.co/0pi5UmHBfH https://t.c\\u2026'
6-Jul-20,b'@pln_123 tolong di baca DMnya dong  kenapa tiba2 tagihan listrik saya melonjak 2x lipat begini. fast respon please'
6-Jul-20,b'PLN Pastikan Tagihan Listrik Melonjak Bukan karena Kenaikan Tarif  Ini Hitung-hitungannya https://t.co/0pi5UmHBfH https://t.co/xi1ZpqEqjf'
6-Jul-20,b'@pln_123 tolong ini gimana ya tagihan makin melonjak awalnya 250.000 skrg naik jadi 373.000 waras ga si ngasih tagihan yg trz melonjak   apa ktn untuk nutupin yg pada dapet listrik gratis...  Tolong penjelasannya. Padahal saya udh foto lap.  Listrik by wa https://t.co/LtiyAeJlPk'
6-Jul-20,b'Ini gimana ya tagihan makin melonjak dibulan juli   pemakaian listrik biasa aja tapi gila naiknya bulan juni 250.000 skrg juli 373.000  apakah ini krn sebagian listrik digratiskan lalu kami yg 900 watt dibebankan!!!!!  Coba tolong jelaskan #PLN #TAGIHANLISTIKNAIK https://t.co/d8z9RlhfF8'
6-Jul-20,b'RT @astarte2017: Pemerintah melalui @KementerianESDM menegaskan jika tidak akan menaikkan tarif\\xa0listrik\\xa0hingga akhir 2020. Kalaupun ada ken\\u2026'
6-Jul-20,b'Pemerintah melalui @KementerianESDM menegaskan jika tidak akan menaikkan tarif\\xa0listrik\\xa0hingga akhir 2020. Kalaupun ada kenaikan  itu murni akibat pemakaian pelanggan dalam penggunaan listrik.\\n@tolakbigotnkri @arjuno_ireng01 @mulanbilqis @cahyani90976469\\n\\nhttps://t.co/zPYx7qAME6'
5-Jul-20,b'@pln_123 hallo admin PLN  sampai bulan ini (dari Desember 2019) tagihan listrik saya masih under 50ribu. Apakah credit overpaid periode 2019 ID saya masih banyak? Please advice  jadi saya sendiri yang panik kalau bulan berikutnya akan melonjak karena kesalahan hitung lagi.'
5-Jul-20,b'RT @terasid: Masih dongkol karena tagihan listrik melonjak tajam? Simak penjelasan PLN Sumut mengapa tagihan listrik anda tiba-tiba meroket\\u2026'
5-Jul-20,b'GILE BENER!!! Tagihan listrik kaga salah nih melonjak lagi...??? @pln_123 kenape si begitu... Pemakaian rumah tangga biasa biasa aja padahal.'
5-Jul-20,"b'Direktur PLN Mengaku Tagihan Listrik di Rumahnya Melonjak 100 Persen.\\nJadi Serba Salah Mau Ketawa atau Sedih.\\nJika dulu ada joke ""mati ketawa cara rusia""\\nSkrg:\\n""Mati Ketawa Cara PLN"" \\U0001f603\\U0001f601\\U0001f910\\n https://t.co/BGmAAINOWe'"
5-Jul-20,"b'RT @AnakKolong_: ""Buset dah PLN  tagihan listrik rumahku gila\\xb2 an  sampai 2 jutaan  tagihan listrikmu gimana..? Ngga\' pernah melonjak kah..\\u2026'"
5-Jul-20,b'@pln_123 selamat malam min  ingin bertanya bahwa kenapa ya tagihan listrik pascabayar dirumah saya melonjak hingga 100% lebih  padahal pemakaian sama seperti sebelum sebelumnya? mohon direspon'
5-Jul-20,b'@pln_123 min tagihan listrik kok melonjak bgt sih  saya DM No. IDPEL saya ya  bln kmren sm sekarang naiknya 4x lipat hadehhh'
5-Jul-20,b'@sulrod Tagihan listrik auto melonjak'
5-Jul-20,b'Hallo @pln_123  tagihan listrik saya bulan juli melonjak 3 x lipat nih. Bisa tolong penjelasannya? https://t.co/lY96rnIhSk'
5-Jul-20,b'@pln_123 wahai PLN tercinta  coba tolong dijelaskan ada apa gerangan kenapa tetiba tagihan listrik pascabayar keluarga kami melonjak seenak jidat? tolonglah berikan penjelasan yang masuk akal  kalopun ada kesalahan dalam sistem PLN  ayolah transparan ada masalah apa sebenarnya? https://t.co/6JnnxGd6PG'
5-Jul-20,b'@pln_123 min ini kok ga ada penjelasannya udh 1x24 jam saya dm dan mention tdk di respon. Kenapa tagihan listrik saya bisa melonjak tinggi padahal pemakaiannya sama aj?????????'
4-Jul-20,b'@pln_123 2. apakah dengan menyalanya lampu indikator/led orange di kwh meter dapat menyebabkan putaran kwh menjadi cepat  krn semenjak kejadian nyala lampu kuning di kwh meter sy tagihan listrik di rumah sy jd melonjak drastis'
4-Jul-20,b'Masih gak sreg mau bayar tagihan listrik. Pemakaian kWh nya menurun tapi tagihannya melonjak. Ditanya jawaban PLN nya template bgttttttt.'
4-Jul-20,b'@fezadianty Tagihan listrik bulan Juni  Juli ini malah melonjak banget \\U0001f62d\\U0001f62d heran kan rumahnya kosong'
4-Jul-20,b'Banyak sekali orang yg senasib tagihan listrik melonjak dahsyat.. https://t.co/qSsXZzTBHW'
4-Jul-20,b'halo @pln_123 apakah saya bisa minta dijelaskan alasan tagihan listrik pemakaian bulan juni melonjak?'
4-Jul-20,b'@pln_123 tagihan listrik krn psbb tidak dicatat dan melonjak. Banyak merugikan orang. Sekarang baru ditagih dalam jumlah besar. Memang saat corona kemarin bnyk orang kesusahan dan perusahaan juga  tapi kalau begini caranya bukan meringankan masyarakat tapi PLN menyusahkan.'
4-Jul-20,b'RT @kumparan: Banyak pelanggan PLN yang mengeluhkan tagihannya kembali melonjak. Begini penjelasan manajemen PLN. https://t.co/yRpcl61plB'
4-Jul-20,b'Tagihan listrik bulan ini melonjak dua kali lipat gaess pemakaian normal @pln_123'
4-Jul-20,b'@pln_123 tlg cek dm saya ya. Tagihan melonjak bgt. Seumumur umur bayar listrik ga pernah sampe segitu'
4-Jul-20,b'Jgn hanya sekedar menghapus premium n pertalite  tpi pikirkan jg kondisi rakyat skrng..PHK dimana2  BPJS naik  tagihan listrik bnyk yg melonjak dll  skrng ditambah lagi hrs beralih ke Pertamax...tentu smakin berat. Apa kalian masih mau pura2 bahagia??'
3-Jul-20,b'@pln_123 Mhn penjelasannya  lisitrik di rmh sy melonjak naik pdhl listrik sy cm 900VA tp tagihan mencapai 600rb lbh'
3-Jul-20,b'RT @ajengdevta: buat yg ngerasa tagihan listrik nya melonjak  yukkk tonton bareng nih tips n trik nyaa https://t.co/if3Nb7QdTo'
3-Jul-20,b'https://t.co/5RHynoCvzV: Tagihan Listrik Juli 2020 Melonjak Lagi  Begini Perhitungan PLN.\\nhttps://t.co/kR0oiGvS61\\n\\nmelalui @GoogleNews'
3-Jul-20,b'@SpiritofIslam4 Klo blm menimpa akibat bpjs yg\\nSemakin memalak rakyat\\nKini rakyat baru meraskn akibatx\\nIuran  bpjs semakin membebani\\nTagihan listrik melonjak\\nPekerjaan sulit\\nHanya iman benteng terakhir https://t.co/3X4kslgRDG'
3-Jul-20,b'@kumparan Nggak apa2 tagihan melonjak asalkan ini mbak yg cek meteran listrik gw'
3-Jul-20,b'Banyak pelanggan PLN yang mengeluhkan tagihannya kembali melonjak. Begini penjelasan manajemen PLN. https://t.co/yRpcl61plB'
3-Jul-20,b'RT @KontanNews: Tagihan listrik Juli melonjak  ternyata ini sebabnya? https://t.co/b4CWxhbufn #PLN'
3-Jul-20,b'RT @KontanNews: Tagihan listrik Juli melonjak  ternyata ini lho sebabnya? https://t.co/b4CWxhbufn #PLN'
3-Jul-20,b'Tagihan listrik Juli melonjak  ternyata ini lho sebabnya? https://t.co/b4CWxhbufn #PLN'
3-Jul-20,b'Tagihan listrik Juli melonjak  ternyata ini sebabnya? https://t.co/b4CWxhbufn #PLN'
3-Jul-20,b'@pln_123 yg pada nanya tagihan listrik melonjak tinggi admin PLN jawabnya apa ya?? Saya DM nggam dijawab2 sama mereka tapi bisa reply twit yg lain. Gimana sih ini pelayanannya??'
3-Jul-20,b'biasanya tagihan listrik 180k - 220k tapi 3 bulan terakhir melonjak jadi 280 - 300k... pemakaian sperti biasa dan tidak ada tmbahan barang elektronik  bagaimana ini? @pln_123 @infoPLN @jokowi @erickthohir'
3-Jul-20,b'@pln_123 @ach_alfarisi sore kak\\nMohon pengecekan untuk 126100419578\\nTagihan listrik bulan ini melonjak\\nThks https://t.co/UKM4eMUZUh'
3-Jul-20,b'@pln_123 Haloo PLN.. kenapa tagihan listrik saya melonjak banget? Saya sudah dm idpel saya mohon dibaca dan dibalas. Makasih.'
3-Jul-20,b'Tagihan listrik pelanggan PLN pada Juli melonjak lagi  kok bisa? https://t.co/izxn0ZtEOo #PLN'
3-Jul-20,b'@pln_123 @Bisniscom @PLN_ID Assalmu alaikum  pak sya mau nanya knpa tagihan listrik sya makin melonjak tinggi aj  tolong dong pak jangan di gedein tarip tagihan listrik y  sya g sanggup byar kl tagihan listrik y makin tinggi'
3-Jul-20,b'@pln_123 tolong penjelasannya kenapa pemakaian listrik saya melonjak tajam di bulan JUNI? itu saya msh bayar karena malas komplain  tp tiba2 tagihan di bulan JULI ini malah tambah naik  dan anehnya pemakaian turun sampai 2x lipat dari bukan sebelumnya. tolong penjelasannya. https://t.co/G75vy0xgMY'
3-Jul-20,b'@pln_123 bos ini kok tagihan listrik saya melonjak naik banget  hampir 50% kenaikannya dari tagihan biasa  gile bener'
3-Jul-20,b'Ini PLN bener bener GAK BERES @pln_123 tolonglah  diliat itu masyarakat yang ngeluh2 SOAL TAGIHAN LISTRIK yang melonjak berkali-kali LIPAT.'
3-Jul-20,b'RT @Syaroniyes: PLN kesetrum utang Rp. 695 triliun. Dulu Bang RR @RamliRizal  sudah ingatkan  proyek listrik 35.000 MW tidak realistis. Pem\\u2026'
3-Jul-20,b'@pln_123 terus  kenapa tagihan saya jadih melonjak? bulan ini saya sudah masuk kerja  yg otomatis penggunaan listrik d rumah itu jadi sedikit. tolong lah jangan memeras rakyat menenggah untuk subsidi listrik rakyat bawah. saya jg cari uang cape untuk bayer listrik mahal begini https://t.co/4rVhEDn0o1'
3-Jul-20,b'@pln_123 kenapa tagihan listrik saya bulan ini melonjak? Padahal kalau dilihat rata2 tagihan bulanan saya dibawah 300rb ini sampai 500rb. Mohon penjelasannya https://t.co/gujTOTGFrf'
3-Jul-20,b'buat yg ngerasa tagihan listrik nya melonjak  yukkk tonton bareng nih tips n trik nyaa https://t.co/if3Nb7QdTo'
2-Jul-20,b'@plnbogorbarat apa yang terjadi dengan tagihan listrik saya....tiba2 bln ini melonjak 3x lipat dari biasa nya !! Sangat berat bagi saya'
2-Jul-20,b'@sherpa701 KLo menang  lumayan pake nambahin bayar tagihan listrik yg lagi melonjak\\n\\nEh  ama bpjs juga ding yg ngasih surprise ... Iuran naik ga bilang2'
2-Jul-20,b'@pln_123 @t_sanghyang @TGRRBBT Bukan Corona lagi yg membuat khawatir orang Indonesia. Tagihan Listrik yang membuat khawatir sekarang.. terjadi kelonjakan Tagihan listrik. Bapak/ibu terhormat mohon maaf sebelumnya.Semua kita terkena dampak Covid 19 ini cuma jangan lah ditambah bebani tagihan listrik yg melonjak'
2-Jul-20,b'@pln_123 @panduwicks Kenapa Tagihan listrik rumah saya melonjak naik ya ?? Tolong beri kejelasan mengapa bisa naik melonjak.sedangkan pemakain normal(bahkan jarang dirumah )\\nKenapa tiba2 KWH pemakaian melonjak naikk. Tolong dong kasih kejelasan ke pelanggan  kenapa melonjak.'
2-Jul-20,b'@pln_123 @wahyukusumo Kenapa Tagihan listrik rumah saya melonjak naik ya ?? Tolong beri kejelasan mengapa bisa naik melonjak.sedangkan pemakain normal(bahkan jarang dirumah )\\nKenapa tiba2 KWH pemakaian melonjak naikk. Tolong dong kasih kejelasan ke pelanggan  kenapa melonjak.'
2-Jul-20,b'@pln_123 Kenapa Tagihan listrik rumah saya melonjak naik ya ?? Tolong beri kejelasan mengapa bisa naik melonjak.sedangkan pemakain normal(bahkan jarang dirumah )\\nKenapa tiba2 KWH pemakaian melonjak naikk. Tolong dong kasih kejelasan ke pelanggan  kenapa melonjak.'
2-Jul-20,b'@sulist_ty @elsanmardiana @srynurmala @pln_123 @PLN_ID Saya lebih shock  padahal sudah aktif kerja ke kantor. Dan tagihan listrik bulan ini melonjak 400% padahal pemakaian lebih sedikit \\U0001f622\\U0001f648 https://t.co/X2iDB9MGB4'
2-Jul-20,b'Baru tau jaemin pernah update bubble lysn soal tagihan listrik melonjak jadi mahal curiga ini dia anaknya iis dahlia sih'
2-Jul-20,b'@pln_123 kenapa tagihan listrik saya melonjak jauh banget ya? Bulan kemarin hanya sekitar 500rb bulan ini tiba2 700rb pdhal pemakaian sama saja??????????'
2-Jul-20,b'@pln_123 Kenapa Tagihan listrik rumah saya melonjak naik ya ?? Tolong beri kejelasan mengapa bisa naik melonjak.. sedangkan pemakain normal(bahkan jarang dirumah )..\\nKenapa tiba2 KWH pemakaian melonjak naikk. Tolong dong kasih kejelasan ke pelanggan.'
2-Jul-20,b'@pln_123 dear admin  saya mau tanya perihal tagihan listrik yg tagihannya melonjak naik terus... padahal pemakaiannya sudah turun...'
2-Jul-20,b'Hello PLN  Tidak WFH Tagihan Listrik kok Masih Melonjak? https://t.co/aqPfysy5Ol'
2-Jul-20,b'@PapersBoy @pln_123 Agak curiga bang jangan2 subsidi untuk pelanggan 450 Ama 900 dialihkan ke pelanggan 1300 keatas.\\nSoalnya temen2 pada cerita kalo tagihan listrik nya melonjak'
2-Jul-20,b'RT @ay_aysha: @PRFMnews @pln_bandung ini ga salah kva 900 watt pemakaian biasa tiba2 melonjak tagihan listrik kemarin msh d maklumin sekara\\u2026'
2-Jul-20,b'Waduh  pemakaian listrik lebih kecil tapi tagihan pelanggan masih melonjak hingga 40% https://t.co/gpSSY8SsCO #PLN'
2-Jul-20,b'@pln_123 tagihan listrik melonjak lg  perasaan pemakaian lbh sedikit dari bulan sebelumnya. Permainan apa lg yg kalian ciptakan #PLNdajjal\\nPutaran meteran begitu cpt  sehingga meteran naik kencang.\\nKami doakan semoga kalian merasakan 7x apa yg kami rasakan skrg.\\nAllahumma Aamiin'
2-Jul-20,b'RT @SirianaGde: https://t.co/sUh7hTnRQH Direktur Utama PLN  Zulkifli Zaini mengatakan  kenaikan utang Rp500 T tsb tjd dlm 5 thn trakhir. Pa\\u2026'
2-Jul-20,b'RT @KompasTV: Tagihan Listrik Melonjak  Ini Penyebabnya ! https://t.co/XGmkZB73On https://t.co/PHTh4ACZRg'
2-Jul-20,b'Tagihan Listrik Melonjak  Ini Penyebabnya ! https://t.co/XGmkZB73On https://t.co/PHTh4ACZRg'
2-Jul-20,b'@pln_123 NI GIMANA TAGIHAN JADI 700rb??? BIASANYA CUMA 80rb/BULAN. RUMAH SANGAT HEMAT LISTRIK KRN JARANG ADA ORANG. SAYA RUMAH NGONTRAK. SEHARIAN KERJA  DIRUMAH HANYA KULKAS YG STANDBY. TEGA YA PAK BU? SY CARI UANG SENDIRI  BAYAR KONTRAKAN  BAYAR KULIAH  INI TAGIHAN MELONJAK??? https://t.co/bXiP6XzGqH'
2-Jul-20,b'@pln_123 Kenapa tagihan listrik melonjak naik terus ?'
1-Jul-20,b'@PRFMnews @pln_bandung ini ga salah kva 900 watt pemakaian biasa tiba2 melonjak tagihan listrik kemarin msh d maklumin sekarang mah bukan d maklumin tp nyekik rakyat astagfirullah hayang cerik aing https://t.co/qqTZCFJt6e'
1-Jul-20,b'RT @DimasPermana817: Tarif Dasar Listrik tak naik hingga akhir 2020  bila tagihan melonjak murni karena pemakaian. \\n\\nHemat listrik  so hema\\u2026'
1-Jul-20,b'RT @liputan6dotcom: ESDM: Listrik Tak Naik Hingga Akhir 2020  Bila Tagihan Melonjak Murni Pemakaian https://t.co/8vEGxS0kNW'
1-Jul-20,b'Tagihan listrik melonjak akibat tv tiap malem begadang sendirian  karena ditinggal tidur sang juragan.'
1-Jul-20,b'https://t.co/sUh7hTnRQH Direktur Utama PLN  Zulkifli Zaini mengatakan  kenaikan utang Rp500 T tsb tjd dlm 5 thn trakhir. Padhl  pd 2014 prseroan hny brutang tdk sampai Rp50 triliun. Ini zaman presiden siapa ya? Lalu tiba2 tagihan listrik melonjak berlipat2? #JanganCumaBisaMarah'
1-Jul-20,b'Tagihan Listrik Melonjak  Ini Rumus Cara Hitung Tagihan PLN https://t.co/1z9nuoXdzz'
1-Jul-20,b'Tarif Dasar Listrik tak naik hingga akhir 2020  bila tagihan melonjak murni karena pemakaian. \\n\\nHemat listrik  so hemat biayanya. \\U0001f60a\\n\\nhttps://t.co/AALJKMSCzI'
1-Jul-20,b'ESDM: Listrik Tak Naik Hingga Akhir 2020  Bila Tagihan Melonjak Murni Pemakaian https://t.co/8vEGxS0kNW'
1-Jul-20,b'RT @KompasTV: Cegah Tagihan Listrik Melonjak! Jangan Lupa Besok Kirim Foto Meteran ke PLN  Begini Caranya https://t.co/lZauRVA18B https://t\\u2026'
1-Jul-20,b'Wauuuw tak hanya tagihan listrik. Tagihan PDAM ku melonjak dari biasanya.'
8-Jul-20,b'@dafinayy Tagihan listrik ya bengkak kali gara\\xb2 kebanyakan work from home  belajar dari rumah  dll \\U0001f60c\\U0001f60c'
8-Jul-20,b'RT @jagodangdutcom: Tagihan Listrik Imel Putri Bengkak 2 Kali Lipat  Angkanya Wow! https://t.co/6KzNqjLS4A #dangdut'
8-Jul-20,b'Tagihan Listrik Imel Putri Bengkak 2 Kali Lipat  Angkanya Wow! https://t.co/6KzNqjLS4A #dangdut'
8-Jul-20,b'Halo @pln_123 saya udah dm loh ID pelanggannya kok ga di follow up. Masa tagihan listrik sy masih bengkak sdgkan staf PLN ga prnh dateng krmh buat ngecek.'
8-Jul-20,b'Terjawab sudah kenapa bisa bgini. Kasian juga yg bengkak tiba2 jadi 10juta nih. Baca gaes\\nhttps://t.co/HRXXpNaClS'
7-Jul-20,b'RT @Alyesa07: Gimana gak ambyar. Tagihan listrik bengkak tapi bilangnya gak naek  BPJS iurannya makin nyekek leher masyarakat  pengangguran\\u2026'
7-Jul-20,b'Tagihan listrik udh 2 bulan berturut-turut naik 50%. Bulan pertama isokey lah ya. Bulan kedua  sengaja mengurangi pemakaian  eh malah makin bengkak \\U0001f602 speechless akutuuu...'
7-Jul-20,b'Kenapa tagihan listrik bengkak? Saat siang matiin lampu  AC yang 12 jam lebih cuman satu  sisanya mulai nyala jam 7malam-4pagi saja. Sebelum corona 1.5 juta tagihan listrik kenapa saat pandemic 2.1-2.5 juta per bulan. Kirain akan tarif penyesuaian bulan ke-4. Bohong! #PLN #bumn https://t.co/yQw5cmGEH5'
7-Jul-20,b'RT @VIVAcoid: Tagihan Listrik Bengkak PLN Masih Ada  Kantor Luhut Akan Cek Lapangan https://t.co/ywiEWeXyvF'
7-Jul-20,b'Tagihan Listrik Bengkak PLN Masih Ada  Kantor Luhut Akan Cek Lapangan https://t.co/ywiEWeXyvF'
7-Jul-20,b'Gimana gak ambyar. Tagihan listrik bengkak tapi bilangnya gak naek  BPJS iurannya makin nyekek leher masyarakat  pengangguran makin banyak  tapi lapangan kerja malah dikasih ke TKA china.. #NegerikuAmbyar'
6-Jul-20,"b'@detikcom Supplier / Vendor Bus Listrik TJ ada yg dari BYD  ada yg dari MAB  ga cuma 1 Vendor yg bakal dpakai  yg BYD itu emg utk uji coba. Cm para pemuja Pempus ributin yg BYD pake bawa2 istilah kadrun krn ""Made In China""  maklum mreka lg street tagihan listrik ama BPJS bengkak drastis \\U0001f604'"
6-Jul-20,b'@doni_tbk @podoradong @xdigeeembok Ini dari detik\\n\\nhttps://t.co/mH6yDPnlNL'
6-Jul-20,b'garagara dirumah terus tagihan listrik bengkak bgt'
5-Jul-20,b'Mau Benar atau Tidak Benar..Bila uang tidak benar pasti akan bermasalah bagi bisnis dan karyawan serta segala hal..Percayalah \\n\\nhttps://t.co/e9SPbAGU8V'
4-Jul-20,b'@subtanyarl 27 kadang 28  gampang kedinginan soalnya dan biar tagihan listrik ga terlalu bengkak'
4-Jul-20,b'Halo @pln_123 ini apa apaan ya kok tagihan listrik bisa bengkak hampir 2x lipat? Kondisinya pdhl skrg jarang ada orang dirumah. Kok sepi dirumah malah jd bengkak gini ya? Itung itungannya gimana ini? Coba dong di cek @KPK_RI @KemenBUMN ini uda ratusan org komplain diem2 aja'
4-Jul-20,"b'@infoGRESIK min sorry mau nanyak  ini tagihan listrik bisa tiba"" bengkak sampe 2x lipat dan air bengkak sampe 4x lipat bisa melapor ke siapa yah? Padahal pemakaian listrik dan air seperti sewajarnya. Suwon min.'"
4-Jul-20,b'@ivalasyif Rasanya cuma pake laptop doang tapi bengkak banget ya va tagihan listrik \\U0001f62d\\U0001f62d Aku baru bulan ini  bulan kemarin masih normal. Sesek napas liatnya \\U0001f62d'
3-Jul-20,b'Tagihan Listrik Bengkak  https://t.co/3DwxIPK0KC Janjikan Cashback Rp1 Juta https://t.co/N94y0siTbE'
3-Jul-20,b'Tagihan listrik rumah cuman 80rb (ga mungkin)  bulan kemaren juga lebih murah dari biasanya walaupun ga semurah sekarang. Jangan sampe deh ini gara2 kesalahan @pln_123 yg berujung tagihan bulan2 depan jadi bengkak.'
2-Jul-20,b'Perasaan udah menghemat banget pemakaian listrik  udah mulai masuk kantor juga jadi ya ga terlalu sering di rumah  tp kenapa tagihan listriknya malah makin bengkak ya? \\U0001f9d0\\U0001f62d'
2-Jul-20,b'@pln_123 \\n\\ntagihan listrik kok bengkak hampir 90 % dari bulan2 sebelumnya\\n\\nDah kirim DM  tolong cek'
2-Jul-20,"b'@_pln_id Halooo pln  tagihan saya kenapa jadi bengkak begini ya ? Naik 3 kali lipat  padahal pemakaian listrik sama loh seperti bulan"" sebelumnya https://t.co/z9wCG2bxH4'"
1-Jul-20,b'RT @cnbcindonesia: Pemerintah Bantah Tarif Listrik Naik  Kalau Tagihan Bengkak? https://t.co/rYumaMjJ3v'
1-Jul-20,b'Pemerintah Bantah Tarif Listrik Naik  Kalau Tagihan Bengkak? https://t.co/rYumaMjJ3v'
1-Jul-20,b'Abis listrik sekarang tagihan air ngikut pula bengkak 2x lipat. God!!'
30-Jun-20,b'@cygnenoires \\xf7 Tagihan listrik bengkak?'
8-Jul-20,b'Jadwal Pemadaman PLN Tanjung Pinang 9 Juli 2020\\nhttps://t.co/htJLXYxXCL\\n\\n#SijoriKepri #PLNTanjungpinng #PLN'
8-Jul-20,b'@pln_123 Ya tapi listrik yang lain gak gak subsidi naek dan gak jelas   token cepet abis gak normal   padahal gak ada dirumah   kwh berkurang sama seperti ada orangnya malah lebih #pln #gaknormal #listrikmahal'
8-Jul-20,b'@pln_123 mati listrik daerah Duren Sawit  udah tau belum? Udah donk pasti..\\nUdah melakukan apa utk perbaikan?\\nUdah ada donk pasti..\\n#PLN #listrik #Jakarta'
8-Jul-20,b'www #PLN pln co id Login #tokens Token #listrikuntukrakyat #ListrikUntukSemua #listrik Listrik Gratis 450 Va dan Diskon 50% 900 VA Diperpanjang  Buruan Klaim https://t.co/qNSLGm1vP2'
8-Jul-20,b'Banjir Rendam Kampar  21 Gardu Listrik Dipadamkan\\n#MNCnewsroom #banjir #PLN \\nhttps://t.co/WO1Vay967K'
8-Jul-20,b'Teriak Tagihan Listrik Kantornya Membengkak  dr Tompi Dituding Terpapar Radikal Kampret https://t.co/MjMF5KUdML'
8-Jul-20,b'@pln_123 @jokowi @erickthohir \\nhttps://t.co/T5qsZov5nN\\n\\nTAGIHAN LISTRIK MEMBENGKAK KARENA ULAH PETUGAS CATAT METER LISTRIK MEMANIPULASI LAPORAN || PLN DEPOK'
8-Jul-20,b'Repost from uang_kita \\n.\\nSiapa yang akhir-akhir ini tagihan listriknya membengkak? Tapi nggak tau apa penyebabnya?\\u2063\\u2063\\n\\u2063\\u2063.\\nPas dapet tagihan listrik  kita hanya diberi tahu berapa banyak pemakaian dan berapa jumlah\\u2026 https://t.co/Pfx3uXsREe'
7-Jul-20,b'RT @msaid_didu: Izinkan #sayamikir.\\nBagaimana dg iuran BPJS naik ? harga BBM tdk turun ? tagihan listrik meningkat ? Utang makin membengkak\\u2026'
7-Jul-20,b'RT @kompascom: Nagita Slavina memberikan klarifikasi tentang pemberitaan yang menyebut ia marah karena biaya listrik yang membengkak. https\\u2026'
7-Jul-20,b'Nagita Slavina memberikan klarifikasi tentang pemberitaan yang menyebut ia marah karena biaya listrik yang membengkak. https://t.co/UV4F6g2lrE'
7-Jul-20,b'Uring-uringan Tagihan Listrik Membengkak  Nagita: Sudah Bayar Mahal  kalau Ada Tamu Kan Malu https://t.co/rh6klRMh8t'
7-Jul-20,b'RT @txtdrlordisran: ketika tagihan listrik membengkak\\n\\naku yang sugih : https://t.co/BbI2S1ccpg'
6-Jul-20,b'ketika tagihan listrik membengkak\\n\\naku yang sugih : https://t.co/BbI2S1ccpg'
6-Jul-20,"b'Gak cuma di negeri +62 riweuh"" perkara tagihan listrik membengkak  di negeri +60 ternyata jg begitu. \\U0001f605 https://t.co/cpTMxupc3B'"
6-Jul-20,b'@MelindaAghnia Biar tagihan listrik gk membengkak sepertu bejol..  \\U0001f60b'
6-Jul-20,b'@syifazarr Apakah suka mati\\xb2 atau tiba\\xb2 tagihan listrik membengkak dua kali lipat haha'
6-Jul-20,"b'Tak ada kenaikan  cuma tambahan cicilan relaksasi Juni ditagihnya Juli. \\n""PLN akan melakukan pemeriksaan lebih lanjut terhadap kasus yang terjadi "" ini quotenya. Kesannya ada yg gak beres\\n\\nPenjelasan PLN Soal Tagihan Listrik yang Kembali Membengkak https://t.co/weKUqddLxj'"
6-Jul-20,b'teman twitter  dah cek tagihan listrik bulan ini? masih membengkak juga gak? #listrik #PLNbanyakutang'
6-Jul-20,b'PLN Jelaskan Hitungan Tagihan Listrik Juli yang Membengkak https://t.co/6rQPp3my1G'
6-Jul-20,b'RT @kompascom: PLN memastikan membengkaknya tagihan listrik tersebut bukan diakibatkan kenaikan tarif ataupun praktik subsidi silang. https\\u2026'
6-Jul-20,b'PLN memastikan membengkaknya tagihan listrik tersebut bukan diakibatkan kenaikan tarif ataupun praktik subsidi silang. https://t.co/Tvbfs1xR3k'
5-Jul-20,b'Selamat malam @pln_123   saya mau menanyakan soal kenaikan listrik non subsidi  tgl bulan juni tagihan saya belum saya bayar  saya cek tagihan saya tgl 30 juni sekitar Rp 67.000. kenapa skrg baru tgl 5 juli tagihan saya membengkak d angka Rp.325.000   mohon penjelasannya https://t.co/lIceeCD2sr'
5-Jul-20,b'Tagihan Listrik Masih Membengkak  PLN: Kan Masih\\xa0PSBB https://t.co/cdS0jtbx5B'
5-Jul-20,b'Tagihan Listrik Masih Membengkak  PLN: Kan Masih\\xa0PSBB https://t.co/cAzueGaOrl'
4-Jul-20,b'@RifaiUhid @melanikristy @pln_123 Waduh kacau  saya Bulan ini kena 1 3jt bulan-bulan sebelumnya maksimal 400k. Ini masih ragu mau bayar tagihan bulan ini yg membengkak sepanjang sejarah bayar listrik \\U0001f648\\U0001f648\\u26a1\\u26a1\\u26a1'
4-Jul-20,b'RT @Ghazy_Kyaukphyu: Dari mana bisa berpenghasilan tinggi Pak ? \\n\\nIuran BPJS kesehatan mencekik\\nTagihan listrik membengkak\\nBiaya hidup sema\\u2026'
4-Jul-20,b'Dari mana bisa berpenghasilan tinggi Pak ? \\n\\nIuran BPJS kesehatan mencekik\\nTagihan listrik membengkak\\nBiaya hidup semakin tinggi\\n\\nGaji rakyat kerja sebulan hanya habis utk seminggu makan.\\n\\nKatanya bapak mirip dgn Umar bin Khattab  tp kok gk sedih melihat rakyatnya susah. https://t.co/URwEY9A5FV'
4-Jul-20,b'RT @republikaonline: Menurut data yang dimiliki PLN  konsumsi listrik masyarakat masih tinggi. https://t.co/imxhlZGRxR'
4-Jul-20,b'Dear @pln_123 kenapa tagihan listrik tiba2 membengkak 2x lipat dari bulan2 sebelumnya. Bahkan lebih'
4-Jul-20,b'Menurut data yang dimiliki PLN  konsumsi listrik masyarakat masih tinggi. https://t.co/imxhlZGRxR'
4-Jul-20,"b'@pln_123 Admin mau lapor sekaligus nanya  ini knp tagihan listrik membengkak parah 2 kali lipat padahal pemakaian jauh lebih rendah daripada bulan bulan sebelumnya  2 bulan ini jarang pake listrik tapi tagihannya gila""an ini maksudnya gimana?'"
4-Jul-20,b'@18NolDelapan @Hmmurahmurahhm2 @Stevaniehuangg Sepertinya mereka lagi nunggu kuota sambil ngirit pemakaian listrik karena tagihan membengkak. \\nTariff listrik gak melihat itu jokowiyah atau Oposisi. \\U0001f601'
3-Jul-20,b'RT @VIVAcoid: Heboh Lagi Tagihan Listrik Membengkak  PLN Buka Hitung-hitungannya https://t.co/YeZlVkJZpD'
3-Jul-20,b'Entahlah apa yang terjadi sama PLN_123 dan dengan kami yang terdampak pandemi covid-19 juga harus membayar tagihan listrik yang membengkak ini \\U0001f62d'
3-Jul-20,b'Solusi tagihan listrik membengkak saat pandemi https://t.co/rfdJAZH2vp'
3-Jul-20,b'Heboh Lagi Tagihan Listrik Membengkak  PLN Buka Hitung-hitungannya https://t.co/YeZlVkJZpD'
3-Jul-20,b'RT @kompascom: Sejumlah pelanggan listrik pascabayar kembali mengeluhkan kenaikan tagihan listrik rekening Juli. https://t.co/gjin6CcoU7'
3-Jul-20,b'Penjelasan PLN Soal Tagihan Listrik yang Kembali Membengkak  https://t.co/RTtWyu2AJJ\\n#BeritaSonora via @kompascom'
3-Jul-20,b'Tagihan Listrik Kembali Membengkak  Begini Penjelasan PLN https://t.co/ChisCZxJ1c'
3-Jul-20,b'Sejumlah pelanggan listrik pascabayar kembali mengeluhkan kenaikan tagihan listrik rekening Juli. https://t.co/gjin6CcoU7'
3-Jul-20,b'Penjelasan PLN Soal Tagihan Listrik yang Kembali Membengkak https://t.co/TDqAZUbqV6'
3-Jul-20,b'Gila nih tagihan listrik tokoku  dari bulan oktober sampai mei aja cuma 1jutaan  bulan juni 5juta  sekarang 18 juta yg bener aja bos @pln_123 @pln_jogja \\nYg bulan juni aja blm sempet tanya ke kantor PLN knp membengkak  eh yg bulan ini kok malah 18x lipat https://t.co/CdggD4D4N5'
3-Jul-20,b'@pln_123 Min tlong di sampaikan sm yg punya yg jual listrik suara Rakyat suara Tuhan tagihan listrik membengkak janggal nian ngejio nyo bahaya bisa disumpahin Rakyat klo gini cara nya'
3-Jul-20,b'@pln_123 Yaaah diperpanjang.. \\nTagihan gw yg membengkak tiba2 ikutan diperpanjang dah..\\nSemoga dengan ini mereka yang di gratisin jd terbantu dah..\\n\\nIngat  kalian gratis. Listrik kami yg lain dinaikan..\\nBukan PLN yg membantu kalian..'
3-Jul-20,b'1\\n@pln_123 sebulan lalu sy DM sampai skrang tidak ada respon.\\nbulan lalu tagihan listrik saya membengkak naik 5x lipat dari biasanya  karena waktu sy mau bayar ada keterangan erro jd blm saya bayar  smpai sudah tidak ada ket error tagihan jadi 600an ribu  sy bayar (tadinya 1juta) https://t.co/KDEobixTVk'
3-Jul-20,b'@arynpekik @pln_123 alasannya kira2 spt ini bu.. sy udah komplain jg kmrn  https://t.co/02BYwY5QEP\\ndan hebat nya keterangannya diskon  dan diskon itu di masukan tagihan di bulan berikutnya.. Hebat PLN strategi marketing nya.. Top Global'
3-Jul-20,b'Enam kesalahan penggunaan AC yang menyebakan tagihan listrik membengkak\\n1. Kapasitas AC tidak sesuai.\\n2. Ruangan tidak tertutup rapat.\\n3. Penempatan AC tidak tepat.\\n4. Setting suhu terlalu rendah.\\n5. Sering mematikan dan menhidupkan AC.\\n6. Jarang membersihkan filter dan service. https://t.co/R6RUJW5Wdc'
2-Jul-20,b'@pln_123 saya boleh minta pencatatan stand meter listrik rumah saya bulan ini? Tagihan bulan juli membengkak dua kali lipat alias bisa bayar untuk dua bulan.'
2-Jul-20,b'@hrdbacot Tagihan listrik membengkak \\U0001f605'
2-Jul-20,b'@pln_123 apa nya yg gratis.. listrik saya tagihan membengkak waktu kemarin ada listrik gratis ga taunya di akumulasi'
2-Jul-20,b'@pln_123 @infoPLN knp koq tidak bisa cek informasi tagihan listrik di https://t.co/JEENoC7jhj sengaja ya biar bisa ngibulin pelanggan ?\\nkatanya tidak ada kenaikan tarif listrik  tapi kenapa koq tagihan saya membengkak ya ?\\npadahal pemakaian listrik tidak sebanyak bulan kemarin'
2-Jul-20,b'Tagihan Listrik Membengkak  Ijeck Ingatkan PLN Pentingnya Sosialisasi\\xa0Kebijakan https://t.co/MOKfrT2fQE'
2-Jul-20,b'@hfgeuw tapi siap2 tagihan listrik membengkak wwkwkwkwk'
1-Jul-20,b'Tagihan listrik membengkak terus ada kenaikan kah PLN? https://t.co/JF9rh191iM'
1-Jul-20,b'@detikcom tarif listrik nya gak naik tapi metoda billing nya ngaco dan hitungannya berantakan jadi tagihannya membengkak ... harus dibandingkan apple to apple dengan meter listrik dirumah vs yg tercatat di tagihan bulan per bulan dan per pelanggan ... gimana @pln_123 ?'
1-Jul-20,b'@pln_123 halo min. Mau tanya untuk listrik 450w masih ada subsidi kah? Listrik org tua sy ketika dicek tagihannya tidak muncul sampai skrg. Takutnya pas ada tagihan membengkak lg. Bisa tlg di cek kah min?'
1-Jul-20,b'TKA datang dikawal keamanan\\nInvestor Asing kasih harga murah\\n\\niuran BPJS naik\\nTagihan listrik membengkak \\n\\nNgga ada progres itu  nurani sampeyan.'
1-Jul-20,b'Emak gw ngamuk2 krna tagihan listrik membengkak.\\nPdhal pemakaian cenderung normal (sebelum dan setelah ada covid)\\nHadeeee.'
1-Jul-20,b'Krisis listrik di indonesia\\n\\n-tagihan listrik rakyat membengkak\\n-PLN terus merugi dri awal tahun sudah 38 8 triliun kerugianya\\n-ambisi proyek 35rb MW  PLN berhutang 600 triliun an\\n-ongkos lingkungan yg mahal karena polusi asap PLTU\\n-kerusakan lingkungan\\n-berimbas krisis iklim'
8-Jul-20,b'Bulan lalu yg bikin geger listrik pasca bayar. Bulan ini pdam  pemakaian normal tagihan sebulan naik 2x lipat  tetangga gua pemakaian normal tagihan ampe 1 juta padahal biasanya paling mentok 400ribu. Hebat'
7-Jul-20,b'4 bulan dirumah saja dengan pemakaian listrik normal tiada apa apa  bulan Juli ini naik 2x lipat. Pak buk  kami blm kerja @pln_jogja . Kami mau bayar pake apa????'
7-Jul-20,b'@pln_123 Ini angka 627 darimana ya?? Padahal pemakaian normal selama ini  masa iya subsidi yg bulan mei dibatalkan trus ditagih bulan juli tapi klo dihitung juga ga sampai 627  masa iya nembak? Tega si klo beneran nembak pemakaian meteran listrik. https://t.co/4wJOOm20ga'
7-Jul-20,b'Apakah biaya listrik dinaikkan? Bulan ini kok tagihannya naik banyak bgt. Biasanya cuma 180rb-200rb ini kok tiba2 312rb.\\n@pln_123 @jokowi \\nMenurut saya  sangat tidak manusiawi menaikkan tagihan listrik di tengah pandemi seperti.\\nDirumahku pemakaian listrik normal kek biasanya'
7-Jul-20,b'@pln_123 admin tolong bales dm saya dong. Kok tagihan listrik saya melunjak jauh bngt padahal pemakaian normal'
7-Jul-20,b'@pln_123 min mohon ijin penjelasan ada hal TDK normal soal tagihan listrik teman saya . Terjadi kenaikan yg luar biasa. \\nDari bulan Juni ke \\nBulan Juli naik 3 x lipat.\\nPemakaian juga hampir sama tidak berubah. \\nID 523031303***\\nAtas nama : SUT***\\n\\nDikirim lewat DM ID nya'
7-Jul-20,b'@pln_123 tolong DM saya direspon  knapa pembayaran listrik melonjak sekali padahal pemakaian normal seperti biasanya..'
6-Jul-20,b'@pln_123 hallo min kok ini tagihan listrik saya tambah gede ya 10x lipat  padahal pemakaian normal seerti bulan sebelumnya. Mohon responnya terimakasih'
6-Jul-20,b'RT @pln_123: Tagihan listrik akan disesuaikan dengan realisasi pemakaian sesungguhnya di rumah kamu ketika petugas baca meter sudah bisa me\\u2026'
6-Jul-20,b'@pln_123 Ac cmn nyala dimalam hari lampu hanya nyala disore hari air pun hanya nyala dipagi dan sore hari tp tag.listrik bln ini malah sangat amat besar dibandingkan bln kmrin yg ac nyalah siang dan malem air dengan pemakaian normal pembayaran ga smpe sgni.'
4-Jul-20,b'@RifaiUhid @pln_123 jgn kan mas  saya tagihan listrik naik tiap bulan pemakaian normal alesannya penggunaan nntn film drama korea. gak masuk akal. yg bales twittnya robot mas.'
4-Jul-20,b'Tagihan listrik bulan kemarin katanya akumulasi pemakaian bulan sebelumnya  jd sy berharap tagihan bulan ini normal kembali. Ternyata malah tambah naik. Apakah ini akibat akumulasi pemakaian orang lain yg dibebankan ke saya?'
4-Jul-20,"b'@muesalim @pln_123 Kalau listrik ada kompetitor   kaya\'kartu telp  ada Simpati  XL  3  Smartfren  mungkin gw dah pindah provider dari kemarin . "" sumpah"" kemarin naik alasan banyak pemakaian pas psbb  nah sekarang kondisi dah normal lagi tagihan tetep gede  meterannya yg rusak atau kalkulatornya??'"
4-Jul-20,b'Dear @pln_123 \\nSudah ratusan orang yg protes mengenai kenaikan tagihan listrik  padahal pemakaian para customer normal dan kebanyakan dari mereka sdh banyak yg bekerja.\\nTp tagihan mereka tdk wajar.Ini ada kemungkinan besar kesalahan sistem @pln_123 (1)'
4-Jul-20,b'@aprilnovita @azizahnamirah @LindaNartiAR Oh bisa yah Zah nanya. Mau coba deh gue. Sekarang gua pisah gitu lho listrik bawah &amp; atas. Atas tuh kamar gua yang emang full ac  gua pasang token. Jadi bawah ya sisanya lah. Pemakaian normal aja karna nyokap bokap kan dari dulu emang et hum. Tetep aja naik  banyak pula set deh\\U0001f644'
4-Jul-20,b'Ya allah iki listrik mundak e Ugal ugalan   pdhal pemakaian normal isok mundak 100%  mosok kudu petengan umah ku   di kiro diskotik be e'
3-Jul-20,b'@podoradong Udah foto meteran secara mandiri blm trs dikirimkan ke pihak PLN? Alhamdulillah dari April sampe Juli tagihan listrik saya biasanya 500rb-an skrg dibawah angka itu trs  kmrn bayar malah 100rb-an. Daya 1300  pemakaian normal'
3-Jul-20,b'@m_mirah @pln_123 Mungkin ibu mulai hari ini setiap harinya harus sering cek stand meter listrik rumah biar bisa cek kwh pemakaian listrik per hari. Saya juga sama seperti ibu ada lonjakan tapi pemakaian normal  pas saya cek stand meter ada kenaikan yg gak masuk akal'
3-Jul-20,b'Dear @pln_123 kenapa tagihan listrik meroket sampai 1jta sedangkan pemakaian cenderung normal 2 bulan kemarin masih normal dengan pemakaian yang sama kenapa tiba tiba skrng jadi 1 jta  2 kali lipat. Jgn beralasan covid-19 deh?! Ban***'
3-Jul-20,b'bulan maret/april tagihan listrik cuma 220an  ehh udah dua bulan ini naik dua kali lipat jadi 440an sekian. ini gimana nih @pln_123 padahal pemakaian listrik di rumah normal2 aja tapi kok kenaikannya gak normal \\U0001f62d apa gak kasian sama yg nyari duit buat bayar listriknya? (re:aku)'
3-Jul-20,b'@pln_123 @e100ss ini tagihan listrik bulan lalu sudah tinggi  sekarang malah naik hampir 4x lipat sementara pemakaian normal....bagaimana dan kemana sy komplain?'
3-Jul-20,b'Sedangkan pemakaian listrik setiap bln nya sama karna wfh pun tidak ada berpengaruhnya dengan pemakaian listrik setiap bln sebelum kenaikan bahkan sesudahnya? Mohon bisa ditindak lanjuti kenapa gak turun ke normal juga yah? Trmksh'
3-Jul-20,b'Ini PLN tetep nembak tagihan dengan skema rata-rata yang gak jelas itu apa gimana? Masa tagihan malah tambah gede  listrik udah pemakaian normal dari 4bulan terakhir @pln_123'
3-Jul-20,b'@TikoroSanghiang @msaid_didu Listrik naik dan tarif naik bedanya apa bong???\\U0001f605... pemakaian normal bahkan cenderung turun kok tagihan bisa berlipat?pln alesan ga catet tagihan bulan sebelumnya trus yg pra bayar yg ga perlu dicatat gmn?kasusnya kan sama \\U0001f923\\U0001f923\\U0001f923'
2-Jul-20,b'Halo mimin @pln_123  mohon pencerahannya kenapa tagihan listrik rumah saya bulan Juli 2020 naik 100%?\\nPadahal pemakaian normal dan tanpa ada penambahan alat listrik baru  mojon direspon terima kasih'
2-Jul-20,b'Masa tagihan listrik bulan ini naik sampe 30% dibanding bulan lalu  pemakaian listrik normal padahal  TV malah jarang nyala \\U0001f621\\U0001f621\\U0001f621'
2-Jul-20,b'Woi @pln_123 gila aja masa listrik gue naik lagi.. Gue udh masuk normal loh bulan kemaren.. Pemakaian juga diirit2.. Kacau nih lama2.. Maaf nih.. Subsidi ke yg kwh bawah sih okelah tp kok ya membeban kan ke yg 1000kwh keatas'
2-Jul-20,b'@pln_123 dear PLN tercintah  \\nKok tagihan malah makin besar ya???? Pemakaian normal kok kenapa tagihannya membludak ??? Ini ngompas masyarakat ni ceritanya? Kmi juga butuh biaya lain bukan mikiri biaya listrik doang !!!'
2-Jul-20,b'Min @pln_123 ini udah new normal listrik saya masih diitung pakai rata2 pemakaian tiga bulan?? Saya tinggal di Koja  Jakarta Utara  perasaan daerah2 lain petugas listriknya udah pada jalan nyatetin meteran. Enak banget kalian main nembak harga listrik pdhl pemakaian sama aja. \\U0001f624'
1-Jul-20,b'Dear @pln_123 padahal pemakaian listrik normal  enggak wfh. Syok sekali tagihan naik 2 kali lipat'
1-Jul-20,b'@pln_123 min  ini kenapa tagihan listrik naiknya lebih dari 100%? Padahal pemakaian normal terus'
7-Jul-20,b'RT @dindaqisty: HHALLOOOO @pln_123  tagihan listrik dirumah bertahun2 ga pernah naik sampe 700an. Padahal daya 900va kenapa bisa naik smp 7\\u2026'
6-Jul-20,b'RT @trianapj: Halo @pln_123 tagihan listrik saya ngapa naik 2x lipat ga masuk akal bgt rumah dipake pagi sm malem doang  tlg kasih alasan y\\u2026'
6-Jul-20,b'Hai @pln_123  mau ikutan protes ya  bulan kemarin tagihan listrik naik 50%  kirain bulan ini bakal dikoreksi taunya malah naik 100%. Padahal SETAHUN terakhir rata kecuali 2 bulan ini macem gue baru buka pabrik  di rumah juga pemakaiannya sama aja ngga kena efek WFH. Thankyou loh!'
6-Jul-20,b'HHALLOOOO @pln_123  tagihan listrik dirumah bertahun2 ga pernah naik sampe 700an. Padahal daya 900va kenapa bisa naik smp 700an. Dirumah udah ga ada yg wfh dr mei kmrn!!!.  Daya yg lain pdhl sdh dikurangin dan pemakaian selalu stabil. Apakah bulan berikutnya akan spt ini jg. https://t.co/oKxVM3lYz4'
6-Jul-20,b'Ngomongin listrik  Alhamdulillah lho selama pandemic ini  ketika banyak orang iurannya naik 100 bahkan sampai 300%  rumah gua gak ada kenaikan yg significant  padahal selama WFH AC dikamar jarang mati selama 24jam.'
5-Jul-20,b'Halo @pln_123 tagihan listrik saya ngapa naik 2x lipat ga masuk akal bgt rumah dipake pagi sm malem doang  tlg kasih alasan yg masuk akal  kalo wfh2 nan gada wfh kantor saya mah  kalo tarif naik bilang aja jujur jgn kaya cowo banyak alesan klo ketauan boong'
5-Jul-20,b'\\U0001f971tagihan listrik naik banyak (lagi) tuh sungguh krn WFH?\\ntapi maret april ga gitu~'
4-Jul-20,b'Hmm setelah kepo twit PLN ga cuma gue yang sejak WFH naik  terus bulan ini naik lebih lagi. Yakali tiba-tiba tagihan listrik tiba-tiba jadi seribu.'
4-Jul-20,b'Ada yg merasa nggak.. tagihan listrik nya tiap bulan naik sejak covid\\n\\nbulan jauh sebelum Februari masih diangka 300 ..\\nMasuk Maret  mulai 400 (ok wfh)\\ntp lama kelamaan jadi 500rb ke atas\\npadahal pemakaian sama\\nkhawatir deh..'
4-Jul-20,b'Misal kalau ngantor suami itu sehari 250 ribu minim keluar tiap hari bgt wfh ya ga keluar apa apa  gw masak terus emang jajan kalau perlu jd malah hemat kalau dihitung total  blm lg biaya beyfa itu juga turun ya wajar lah listrik naik air naik tp biaya lain turun'
4-Jul-20,b'Ya Allah tagihan listrik  \\nPadahal udah ga ada WFH  dan dirumah cuma malem doang  \\nPemakaian juga cuma tv 1  kulkas 1  AC 1   lampu 6 \\nWeekend kadang nginep dirumah orang tua.\\nTapi kenapa tagihan @pln_123 2 bulan ini naik ga kira kira yah?'
4-Jul-20,b'@pln_123 min  tagihan listrik saya kok malah makin naik ya? Pdhl penggunaan sama  ga berubah. Krn saya ga wfh. Dan bulan ini malah naiiiiik bgt sampe nembus 2 juta. Ini gimana ya? Tolong lah'
4-Jul-20,b'gimana nih pln masa naik listrik di rumah saya ga masuk akal banget\\U0001f644 biasanya saya bayar paling tinggi 500rb (masa wfh) sekarang 1jt  pemakaian sy seperti biasa kok  tolong dijelaskan kenapa kok bisa naik 50% kayak gini?? @pln_123'
4-Jul-20,b'@pln_123 tagihan listrik naik gak masuk akal. Mei 360 rb  juni tiba2 960 rb  katanya alesan karena lebih sering di rumah  padahal sya gak ada wfh. Tiba2 juli jadi 1 2 jta. Padahal ya gitu2 aja.. Gilaaaaaa!!!'
3-Jul-20,b'RT @beshabi: Halo @pln_123 Bulan kemarin listrik gue udh naik  tp positif thiking mungkin pemakaian yg emg banyak. Tp bulan ini cek lg 2x l\\u2026'
3-Jul-20,b'@beshabi @pln_123 kalo sedekah itu beda lagi. wong PLN aja gak ngomong dari awal mau subsidi silang. Mungkin biar dibilang dewi fortuna atau pahlawan sepertinya. \\n\\njanji bulan selanjutnya gak ada error lagi. puasa udah lewat. wfh udah enggak. listrik masih naik berX lipat. \\n\\n@pln_123 apalagi skrg?'
3-Jul-20,b'Halo @pln_123 Bulan kemarin listrik gue udh naik  tp positif thiking mungkin pemakaian yg emg banyak. Tp bulan ini cek lg 2x lipat naiknya. Pdahal udh ga wfh dr bulan lalu. Ini keterlaluan sih. Yg listriknya gratis dibayarin sama yg listriknya naik ya? Subsidi silang ya? Yakan?!'
3-Jul-20,b'Sama neh kasus ku kayak gin WFH 3 bulan listrik gak naik  akhir bulan kemarin sudah ada petugas pln yg nyatat meteran dan bulan ini naik 2 kali lipat   kayak nya emang pemakaian 3 bulan sebelumnya https://t.co/tjYsxoa4Nx'
3-Jul-20,b'RT @intannmarpaung: Bulan lalu tagihan listrik naik 3x lipat  buat pengaduan  alasan mereka WFH. Gw mencoba menerima  walaupun masih ga mak\\u2026'
3-Jul-20,b'@_pln_id tagihan bulan Juli kembali naik dari sebelumnya Juni juga naik gak kira2. Jawaban PLN katanya memang penggunaan listrik tinggi karena WFH padahal saya tidak WFH dan pemakaian listrik rumah juga sama saja. TOLONG SEGERA DI BERIKAN JAWABAN WAHAI MANUSIA TERHORMAT'
3-Jul-20,b'Bulan lalu tagihan listrik naik 3x lipat  buat pengaduan  alasan mereka WFH. Gw mencoba menerima  walaupun masih ga make sense banget karena WFH naik sampe 3x?! Bulan ini gw cek  pemakaian kWh setengah dari bulan lalu  tapi tagihan ga turun malah naik. Gw ga terima asli @pln_123.'
3-Jul-20,b'Enak benar pln bilang tagihan pd naik krn drakor kebocoran peralatan WFH jujur aja bilang pln sedang merampok uang kalian semua secara ber gilir kaya pemadaman listrik ber gilir.pln sy ndak pernah lebih atau lbh sedikit pakai listrik tapi stagnan tiap bln'
2-Jul-20,b'Pln kenapa tagihan listrik saya bulan ini naik 100% saya ngak pernah WFH makai listrik tidak lebih dari biasa tidak ada penambahan alat listrik emang SETAN yang pakai listrik'
2-Jul-20,b'Cara hitung2an pln ini bagaimana sih tidak sekalipun WFH tidak ada pemakaian berlebih tdk ada penambahan alat listrik apapun kok tiba2 tagihan bln juli naik 100% hitungan drmana dptnya segitu coba tolong jgn terusssss bohongin rakyat emang lu pikir kami tolol'
2-Jul-20,b'tagihan listrik naik selama WFH apakah aku mulai ke kantor aja \\U0001f602\\U0001f602\\U0001f602'
2-Jul-20,b'Akhirnya ngalamin sendiri listrik naik 2x lipat padahal penggunaan sama aja  dan ga WFH atau nonton drakor jg tuh \\U0001f635'
2-Jul-20,b'Bulan mei  tagihan listrik 300rb an dengan kondisi bulan puasa  AC lebih banyak beroperasi  dan sempet WFH. Bulan juni  udah full ngantor  di rumah ga nyampe setengah hari  naik 30% dong. Akhirnya ngerasain juga tau-tau tagihan listrik mblendun666 \\u2764\\ufe0f\\u2764\\ufe0f\\u2764\\ufe0f https://t.co/lU6o5uZq9d'
2-Jul-20,b'@detikcom @detikfinance Awas Bae lu ya PLN klo listrik naik lagi dengan alasan WFH! Padahal lu mah mau balik modal krna udh bayarin yg subsidi!!! @pln_123 . Masalahnya rakyat bingung mau ngadu kesiapa klo lu naikin listrik semena-mena!'
1-Jul-20,b'BPJS naik  tagihan listrik dan air naik padahal pemakaian biasa.. Seriusan  ada yg salah dengan negara ini.. alasannya kok WFH jadi pemakaian naik  dari jaman belum ada covid juga saya WFH cuk!!'
8-Jul-20,b'@ovo_id Bayar  tagihan rumah  dari aplikasi OVO:\\n1. Pulsa\\n2. PLN\\n3. Paket Data\\n4. Pasca Bayar\\n5. BPJS Kesehatan \\n6. Internet &amp; TV Kabel \\n7. Asuransi\\n9. Air PDAM \\n#OVOquiz yuk ikutan @JustGrensy  @mustikajuly @desi_desia'
5-Jul-20,"b'@Ryanton92853458 @podoradong @do_ra_dong Cara mereka ""MERAMPOK"" yaitu ""MENGURAS"" SELURUH ASET2 BUMN &amp; MENGURAS SELURUH KEKAYAAN ALAM (SDA) kita. Disamping itu duit kita juga ""DIEMBAT DIAM2"" dgn cara naikan segala macam iuran &amp; tagihan (BPJS  LISTRIK  PAM  KUOTA INTERNET) serta PAJAK YG MENCEKIK U/ BAYAR HUTANG'"
2-Jul-20,"b'Apa maksud anda apa @pln_123  @jokowi  saya cuman ngontrak gaji saya pas""an stiap bulan tagihan listrik semakin mencekik sampai istri saya nagis lihat tagihan listrik bulan ini .. luarbiasa kebijakan anda menyengsarakan.. https://t.co/PWkxaq80V5'"
8-Jul-20,b'Gila. Tagihan listrik naik lagi'
8-Jul-20,b'@pln_123 bisa2nya tagihan listrik sampe 2x lipat. Bener2 gila gilaaaaaaaaaaa \\U0001f92a\\U0001f494\\U0001f61f'
8-Jul-20,b'bener-bener tagihan listrik jadi naek terus  dah gila ini pln.'
7-Jul-20,b'Ngeliat tagihan listrik  wah gila  ini listrik gue yg eror  atau emang gue ma kakak gue irit listrik? \\U0001f602\\U0001f605 Bisa lbh murah tagihannya dr biasanya njir wowww'
6-Jul-20,b'@pln_123 min ini tagihan listrik saya dari 100rb kenapa jadi 700rb ? duh udah gila ya  ruko saya kosong atuh min siapa yg nonton drakor min di ruko saya? huntu tah min? keren amat ya'
5-Jul-20,b'RT @revanadia: Gila lu  @pln_123!! Tagihan listrik makin ga masuk akal. Bulan kemarin naik 60% dari tagihan biasa  sekarang jadi naik 80%??\\u2026'
4-Jul-20,b'Udah gila ini tagihan listrik melebihi 2x lipat dari tagihan biasanya.'
4-Jul-20,b'Gila lu  @pln_123!! Tagihan listrik makin ga masuk akal. Bulan kemarin naik 60% dari tagihan biasa  sekarang jadi naik 80%???? Pemakaian as usual aja kenapa naik separah ini'
4-Jul-20,b'Di kasih surprise ama PLN liat tagihan listrik. Udah gila kali ya'
3-Jul-20,b'@pln_123 tagihan listrik saya biasanya cuma 230rb kenapa jadi 750rb bulan ini. Gila ya  jangan naikin yang engga2'
3-Jul-20,b'ade gw dibeliin pc tagihan listrik rumah jadi dua kali lipet. uda gila. kebiasaan anak dimanjain gini bunda. EH UDAH DIKASI TAU SURUH BERHENTI DIA MASI MAIN SUMPAH. SUMPAH PEN GW CEKEK LEHERNA MTI KMU MTI. https://t.co/NKxMJjJK7E'
3-Jul-20,b'Gila anjnc tagihan listrik naik 400% gak waras lama-lama'
3-Jul-20,b'RT @agamgnp: Udah gila lu tagihan tiba2 naik jauh banget sebulannya @pln_123 @pln_bogorkota  listrik cuma 1300 yg kepake cuma satu ac sm ku\\u2026'
3-Jul-20,b'RT @lala_7995: Gila dah listrik gue knp mahal bgt jir??? Kayaknya pemakaian biasa aja dah. Bahkan bulan ini gue udh full ke kantor/client \\u2026'
3-Jul-20,b'Gila  tagihan listrik bulan Juni. Asal nembak banget kayanya. Kagak jelas dah keterangan pemakaiannya berapa ckckck'
3-Jul-20,b'WAH GILA PLN INI TAGIHAN LISTRIK NAIK LAGI PADAHAL PEMAKAIAN SAMA AJA BGST!!!!'
3-Jul-20,b'Gila dah listrik gue knp mahal bgt jir??? Kayaknya pemakaian biasa aja dah. Bahkan bulan ini gue udh full ke kantor/client  gak wfh lagi. \\nIni tagihan termahal selama gue 24 taun hidup disini keknya? Wkwkwkwk gila u @pln_123 \\n\\nAlus bgt buat ngajak kita pake token \\U0001f642'
2-Jul-20,b'@pln_123 bulan ini tagihan listrik rmh kk gw yang dayanya cuma 900 (termasuk golongan yg seharusnya dpt subsidi) tapi dr bulan lalu naiknya gila 100% dan bulan ini 200% yang hidup cuma kulkas  charger laptop&amp;hp  ac &amp; lampu yang dinyalain cuma 7-8 jam tiap harinya!'
2-Jul-20,b'Udah gila lu tagihan tiba2 naik jauh banget sebulannya @pln_123 @pln_bogorkota  listrik cuma 1300 yg kepake cuma satu ac sm kulkas . Rumah kecil tagihan sgini ! Ngaco parah https://t.co/mR7YEhcEoF'
2-Jul-20,b'Gila juga ini tagihan listrik naiknya.\\nYang bersubsidi gratis tapi yang ga bersubsidi yang nanggung...'
2-Jul-20,b'wah gila tagihan listrik sama air rumah w bulan ini bener2 naik 2x lipat.. udah ngaco bgt sumpah\\U0001f62d'
2-Jul-20,b'@jntynt Iya bener! Gila tagihan air berasa tagihan wifi.. kalau listrik prabayar sih tapi ya tetep 100rbu biasa dapet 94kwh sekarang 80an aj \\U0001f611\\U0001f611'
2-Jul-20,b'gila ya tagihan listrik makin naik  covid kaya gini padahal pemakaian standar .. mohon pencerahan ya @pln1231  #covidlistrik g'
1-Jul-20,b'Gila tagihan listrik gue naik 100%???????? Yang bener aja lo??? @pln_123'
1-Jul-20,b'Gila tagihan listrik w bulan ini \\U0001f642\\U0001f642'
30-Jun-20,b'Ah gila gua udah stress bgt mikirin tagihan listrik  dari kemaren pen gua stop aja bpjs gua biar emak gua aja dah yg punya  jgn sampe naek lg lah tolong lg kaya gini \\U0001f4a9\\U0001f4a9\\U0001f4a9\\U0001f4a9\\U0001f4a9'
30-Jun-20,b'SUMPAH BOKAPNYA KASAR BANGET GILA CUMA KARNA MAMANYA BILANG GAMAU BAYAR TAGIHAN LISTRIK??????'
6-Jul-20,b'pemakaian listrik naik disaat penghasilan menurun selama pandemi ini. bayangin dah yang orang tuanya pebisnis  bukan pns yang relatif stabil  mau gimana anjir?'
3-Jul-20,b'Dimintain tolong ibu buat bayar tagihan listrik kantor  yg notabenenya tutup selama masa pandemi ini. Lalu terkejut karena (kata ibu) kok naik 8x lipat dr bulan sebelumnya. Kupikir kasus2 itu hanya ada di berita2 yg sering kubuat saja. Ternyata kena juga \\U0001f614'
1-Jul-20,b'RT @_pln_id: Untuk menjawab keluhan dan pertanyaan tersebut  PLN (Persero) bekerja sama dengan Bisnis Indonesia menggelar live event bertem\\u2026'
8-Jul-20,b'Halo saya mau komplain @pln_123 ini kenapa tagihan listrik bulan juli udah keluar dan jumlahnya fantastis sekali ya? Saya gak merasa memakai banyak listrik di bulan ini. Tapi baru tanggal 8 saya sudah harus bayar satu juta listriknya. Tlg tanggapannya.'
7-Jul-20,b'@pln_123 mau komplain tagihan pln bulan juli  katanya rata2 3 bln dtambah 20%  tapi koq gila banget tagihannya? Gmn nih'
7-Jul-20,b'@pln_123 Baca DM dari saya segera. Komplain tentang tagihan yang asal-asalan dan tidak masuk akal.'
6-Jul-20,b'RT @plndisjatim: Surabaya (23/06) \\u2013 Berkomitmen penuh layani pengaduan pelanggan terkait kenaikan tagihan rekening listrik  PLN UID Jawa Ti\\u2026'
6-Jul-20,b'Rejeki itu gak selalu berupa materi. Disaat ibu2 yg lain komplain masalah tagihan pln dan pdam yg membengkak  alhamdulillah na normal2 aja \\U0001f495'
6-Jul-20,b'@rezamahend09 @pln_123 Ditanggapi di dm di hari yg sama itu pun stelah tweet minta dm dibuka \\U0001f92d  tiap dm ga ada respon tweet minta dm dibuka komplain mei respon dm cuma ga ada progres jd tetep bayar sesuai tagihan juni komplain lgi bsknya dri pln terdekat tlp jelasin mei lebih tagih jd juni bayar minim'
5-Jul-20,b'@pln_123 kasus lagi kayak minggu lalu.\\nListrik mati sebagian\\nCuma 3 rumah aja di satu gang. (PADEMANGAN)\\nUdah lapor  gak ada apa2. Barusan saya udah DM lagi. Tolong petugasnya disuruh datang donk. Tagihan naik tapi ada komplain dicuekin gitu aja'
5-Jul-20,b'Sepertiny makin gak bener ajah nih tagihan @pln_123 masa iya sdh kirim meter mandiri dan petugas jg dah dtg cek lgs tp masih ajah tagihan gk logis... Dan gk ada solusinya jg dah komplain'
5-Jul-20,b'Bulan kedua ibu mengeluhkan tagihan listrik  PLN ini gak lihat apa masyarakat komplain\\U0001f44e\\U0001f3fb https://t.co/h78DqG9vdI'
4-Jul-20,b'RT @imbangimedia: Percuma komplain ke PLN. Teman saya sudah komplain tapi  dia tetap disalahkan dgn alasan yg mengada2.  Ujung2nya dia teta\\u2026'
4-Jul-20,b'Percuma komplain ke PLN. Teman saya sudah komplain tapi  dia tetap disalahkan dgn alasan yg mengada2.  Ujung2nya dia tetap harus bayar tagihan kalau tak mau diputus listriknya. Haqul yakin  petugas PLN sendiri sebenarnya bingung.  #RezimZalim #TolakRUUHIPKomunis https://t.co/NBGGiaiPvT'
4-Jul-20,"b'Cuma mau tanya kok ke @pln_123  gak komplain  karena pemakaian sudah sesuai sama laporan meteran mandiri. Tapi muncul ""tagihan lainnya"" yang di invoice\\xb2 sebelumnya gak ada. Biaya lainnya ini boleh tahu biaya apa ? https://t.co/NtDOdqQgTv'"
4-Jul-20,b'@pln_123 Yang Pintar Tagihan rmh Ort saya jg mengalami hal yg sama dgn orang2 yg Komplain &amp; Viral ttg pemakaian KWH bulan ini turun tp nilai uangnya kok lebih tinggi?? sy hitung tiap 3 bln harga KWH kok naik? @KemenBUMN tolong perhatian dr kinerja PLN ini. https://t.co/5DofaAWde2'
4-Jul-20,b'Tagihan bulan mei aja ud naik 100% setelah komplain turun ke normal di bulan Juni. Sekarang Lo @pln_123 naikin lagi 100% tagihan padahal pemakaian dari sebelumnya juga segitu segitu aja. Nyari uang ga sebangsat itu bro\\U0001f620\\U0001f92c https://t.co/z5SEUBKiSs'
4-Jul-20,b'@pln_123 @chandani_h Itu mah kena biaya abodemen ... Pake gak pake biaya minimum dari PLN ... Hahaha sy jg kena gt ... Parah tertera pemakaian cuma 20kwh dtagih 440kwh gila ya????????!!!!!!!\\n\\nIni aja komplain nilai stand meter fisik dan lembar tagihan sampe selisih 2000kwh aja cuma dpt no urut doank'
3-Jul-20,b'@LisaAmartatara3 @pln_123 Harus komplain dl bu dok k kntr pln ny kl engga tagihan makin naik bln berikut ny   sy bln april tagihan 1 5 bln juni jd 1 8 nah pas komplain tagihan skrg baru turun 800 pdhl g pemakaian setiap bln ny sm \\U0001f629\\U0001f629'
3-Jul-20,b'@pln_123 belum ada tanggapan kok komplain tagihan saya? naik 4 kali lipat lho ini.'
3-Jul-20,b'@PlnUp3 \\n\\nNomer pelanggan: 538710285963 \\nTagihan Bulan Juli 2020 kenapa tiba2 melonjak jadi Rp.984.199 00\\nPadahal selama jadi pelanggan PLN maksimal tagihan 600 ribu  mohon dicek lagi  komplain kami ini  terimakasih\\U0001f64f'
3-Jul-20,b'@PLN_APJ_DEPOK \\n\\nNomer pelanggan: 538710285963 \\nTagihan Bulan Juli 2020 kenapa tiba2 melonjak jadi Rp.984.199 00\\nPadahal selama jadi pelanggan PLN maksimal tagihan 600 ribu  mohon dicek lagi  komplain kami ini  terimakasih\\U0001f64f'
3-Jul-20,b'@infoPLN \\n\\nNomer pelanggan: 538710285963 \\nTagihan Bulan Juli 2020 kenapa tiba2 melonjak jadi Rp.984.199 00\\nPadahal selama jadi pelanggan PLN maksimal tagihan 600 ribu  mohon dicek lagi  komplain kami ini  terimakasih\\U0001f64f'
3-Jul-20,b'SOP nya admin @pln_123 menghadapi komplain tagihan itu selalu minta utk DM. Tapi knp jawabnya lama ya?. 7 jam baru dibalas. Abis itu yg ditanya apa dijawab apa. Ini admin @pln_123 pakai SOP yg sama utk jawab komplain tagihan sepertinya'
3-Jul-20,b'Selamat siang  mau mengajukan komplain  tagihan saya biasanya 800-900rb  tidak lebih dari sejuta  bulan lalu menjadi 1 2an  bulan ini 1 5an  mohon klarifikasi dan penjelasannya. No id saya 547100161273 terima kasih @pln_123'
3-Jul-20,b'@pln_123 @nonaliinn Halo! Saya komplain kenapa tarif listrik naik dan diinfo ini:\\nSkema perlindungan tagihan rekening Juni 2020 sebesar 27.581 - \\nBisa dijelasin ga maksudnya apaan? Kudu dibayar sampe kapan? Sampe kalian kelar gratisin masarakat miskin?'
3-Jul-20,b'@pln_123 @pln_jogja min  tagihan bulan ini ga sesuai lagi  rumah kosong meteran cuman naik 5 angka tagihan kayak normal  dah 2 bulan nih komplain \\U0001f60c'
3-Jul-20,b'@pln_123 min mau komplain tagihan   biasanya tagihan cuma 350rb.. lha 2 bln ini sampai 475 RB  padahal penggunaan listrik sudah saya kurangi konsumsi sejak 2 bulan ini  bahkan pada bln Mei rumah jarang ditempati kok malah jadi naik tagihan listrik.\\n511422564073\\nABDUL KADIR NOOR https://t.co/43cUQXBJy2'
3-Jul-20,b'@pln_bandung @PRFMnews Mau komplain  tagihan listrik saya biasanya kisaran 170rb tiba2 cek bulan ini jadi 380an.. kok bisa gitu pdhl ga ada perubahan pemakaian  ga nambah alat elektronik??'
2-Jul-20,b'Sejak kemarin mantau keluhan pelanggan PLN dan PDAM. Ternyata banyak yg komplain  parah sih tagihan listrikku melonjak 800%  bukan 80% yaa 800%. Gilak @pln_123 \\nUdah lapor tapi slow respon banget.'
2-Jul-20,b'cape yee urusannya sm @pln_123 . bisalah dicek gue tiap bulan komplain ditwitter atau telpn soal daerah gue mati listrik. jangan cm disuruh cepet bayar tagihan doang kalo dalam sebulan bs mati listrik lbh dr 3x.'
2-Jul-20,b'@AA_bachtiar @pln_123 oke makasih banyak mas  anyway tagihan PLN saya juga naik  400%. sudah komplain via 123 namun hanya dibuatkan pelaporan. gak tau gimana nasibnya apakah bakal turun atau nggak. maaf jd curhat \\U0001f605'
2-Jul-20,b'RT @speedymeter: Hai @pln_123 kalau saya mau komplain dan minta perhitungan tagihan bulan Juli bisa kemana dan apa yang harus disiapkan? Me\\u2026'
2-Jul-20,b'@detranium @pln_123 Krng tau juga bro kalo prabayar TP kl bulan kemarin sudah komplain ya terima karena memang selisih juli itu sampai 1256 KWH  800rban nah sekarang selisih juni juli hanya 465 Kwh tagihan 900an   masuk akal gak bro wkwkwkw  ya kalo monopoli mahh \\u201cbebas\\u201d #efekbayarterustanpaKomplain'
2-Jul-20,"b""Hai @pln_123 kalau saya mau komplain dan minta perhitungan tagihan bulan Juli bisa kemana dan apa yang harus disiapkan? Meteran Juli '20 yang saya laporkan 48247 berbanding Juni '20 47661 selisihnya adalah 586  kenapa di tagihan jadi 656? dasarnya apa? Terima kasih"""
2-Jul-20,b'@indruxx20 @TiaPutriput @AlamAuliya @dr_tompi ini makin ngaco @pln_123 ada byk yg komplain tagihan listrik naik  ini mencurigakan. Harus dibongkar ini. Alasan kalian jgn2 semua sama pd pelanggan yg komplain'
2-Jul-20,b'@indruxx20 @TiaPutriput @AlamAuliya @dr_tompi kita komplain di twitter ke @pln_123 dan mrk bls d DM. Coba teman2 blg  alasan mrk knp tagihan listrik naik? Jangan2 semua alasannya sama'
2-Jul-20,b'@pln_123 Tagihan listrik saya bulan ini naik 2x lipat sementara pemakaian seperti bulan-bulan sebelumnya. Untuk komplain saya harus kemana ya? Thanks.'
2-Jul-20,b'@pln_123 Parah banget sih ini  akhirnya ngerasain juga tagihan listrik naik hampir 2x lipat di bulan ini. Mau komplain kemana ya?'
2-Jul-20,b'@infoPLN Dear PLN\\n\\nBulan lalu saya sudah Komplain karena tagihan meningkat Drastis  dan pemakaian sudah kamu kurangi  kami tidak pernah menyalahkan TV  TV ada mesin cuci  tida Meneriska pakaian.\\xa0\\n\\nDaya listrik hanya 900w.\\xa0\\n\\nKenapa Seperti ini kembali? https://t.co/UjPivdsHHM'
